count,epsilon_ask,epsilon_bid,epsilon_skew,inventory,mode,scenario,std_setting
2600,0.1178311955035203,0.05752406652157123,-0.060307128981949065,-31.19133014972393,deterministic,random,learned
2600,0.16226735527036137,0.05565427409628263,-0.10661308117407875,-16.934082400248602,deterministic,random,learned
2600,0.20053719365270808,0.07223503168672324,-0.12830216196598485,-9.199183528606708,deterministic,random,learned
2600,0.23923003284690472,0.10146211674580208,-0.13776791610110264,-3.26632263726913,deterministic,random,learned
2600,0.2785220360533836,0.14368601235919273,-0.13483602369419084,0.9316895667019371,deterministic,random,learned
2600,0.24621747818703835,0.09806123204815846,-0.1481562461388799,5.183812619264309,deterministic,random,learned
2600,0.23774701782533578,0.08655217453264273,-0.15119484329269303,10.114842339845804,deterministic,random,learned
2600,0.22746769054407756,0.0676689574523614,-0.15979873309171616,15.772860164275537,deterministic,random,learned
2600,0.21190831032745056,0.045511775472416326,-0.16639653485503425,22.752314130342924,deterministic,random,learned
2600,0.2007332588056586,0.017761872697335025,-0.18297138610832359,35.15388680604788,deterministic,random,learned
2600,0.12630590714819845,0.03450128043956983,-0.09180462670862863,-32.46261451207675,stochastic,random,learned
2600,0.12758263097001382,0.0326465897550896,-0.09493604121492423,-18.89939838079306,stochastic,random,learned
2600,0.1369888931767603,0.0328270564131582,-0.1041618367636021,-11.3870757154318,stochastic,random,learned
2600,0.1627640895879505,0.03910435950186533,-0.12365973008608518,-4.397699104318252,stochastic,random,learned
2600,0.16842821291642254,0.08095333619609636,-0.08747487672032618,-0.15710792684119138,stochastic,random,learned
2600,0.16243584799381028,0.06862374367993862,-0.09381210431387164,3.3819462335568207,stochastic,random,learned
2600,0.12551485141473956,0.05204262938067236,-0.0734722220340672,9.208427293484027,stochastic,random,learned
2600,0.126857477901593,0.05859245907631703,-0.06826501882527597,15.659524042056157,stochastic,random,learned
2600,0.1411664589528384,0.022427395794836158,-0.11873906315800223,22.458562782727753,stochastic,random,learned
2600,0.13805731960608122,0.05625193802873792,-0.08180538157734331,36.06307481765747,stochastic,random,learned
2600,0.04140232393231529,0.10269770621107174,0.06129538227875645,-35.1487062894381,deterministic,random,1.0
2600,0.08491956358918777,0.08008541677433711,-0.00483414681485066,-20.331121965555045,deterministic,random,1.0
2600,0.11736637293002926,0.09613111559588175,-0.02123525733414751,-12.600589968607975,deterministic,random,1.0
2600,0.15146332734192794,0.1072032377983515,-0.04426008954357642,-6.592277953624725,deterministic,random,1.0
2600,0.16796549526974558,0.12669196943824107,-0.04127352583150451,-1.5084449697912967,deterministic,random,1.0
2600,0.14116550770659858,0.11866509064458884,-0.022500417062009757,2.951033535691408,deterministic,random,1.0
2600,0.1302389085966234,0.11567190871215784,-0.014566999884465566,8.019633761185867,deterministic,random,1.0
2600,0.1289535848223246,0.11437802619085861,-0.014575558631465986,13.844961804243235,deterministic,random,1.0
2600,0.12705887517390343,0.10135837722283143,-0.025700497951071995,20.986524203373836,deterministic,random,1.0
2600,0.12723320952356937,0.08385305081995634,-0.043380158703613024,34.084623764478245,deterministic,random,1.0
2600,0.07725734890566226,0.053600135625680334,-0.02365721327998192,-34.8067373085022,stochastic,random,1.0
2600,0.07389654168962106,0.04707123403336692,-0.026825307656254155,-20.759055111958432,stochastic,random,1.0
2600,0.09277523662525569,0.055730566230721215,-0.037044670394534476,-13.455213081286503,stochastic,random,1.0
2600,0.08274068504773403,0.058032122295553566,-0.024708562752180464,-6.577477690715056,stochastic,random,1.0
2600,0.0929162885101127,0.07637363686322575,-0.016542651646886952,-1.2841532950746275,stochastic,random,1.0
2600,0.10325136244086584,0.09295321756819389,-0.010298144872671961,1.9929312709203133,stochastic,random,1.0
2600,0.06542115024371574,0.05114887666035569,-0.014272273583360051,7.551979312346532,stochastic,random,1.0
2600,0.06509436416130764,0.0886852579850081,0.023590893823700474,14.265256897119375,stochastic,random,1.0
2600,0.07311584062762379,0.051583701921526184,-0.021532138706097614,21.25838758468628,stochastic,random,1.0
2600,0.07665582699786262,0.08251721526187164,0.005861388264009013,34.98688905055706,stochastic,random,1.0
2600,-0.10269991150269142,0.03864700817359755,0.14134691967628896,-33.04252167188204,deterministic,random,0.5
2600,-0.10131073596385809,-0.004902827518347364,0.09640790844551073,-20.38954637307387,deterministic,random,0.5
2600,-0.07021071664702434,0.007762698114204865,0.07797341476122921,-12.991420888533959,deterministic,random,0.5
2600,-0.03982650760274667,0.006021655029975451,0.04584816263272212,-6.717502415088507,deterministic,random,0.5
2600,0.0366705220622512,-0.005445630226570826,-0.042116152288822026,-1.22404907599792,deterministic,random,0.5
2600,0.09288497670338704,-0.006655694178950328,-0.09954067088233737,3.3860987409720056,deterministic,random,0.5
2600,0.10420872695170916,-0.0029467744638140385,-0.1071555014155232,8.451709607747885,deterministic,random,0.5
2600,0.13951445792156916,-0.007228261163601509,-0.14674271908517067,14.127145532828111,deterministic,random,0.5
2600,0.13939959777662386,-0.015227918202200761,-0.15462751597882463,21.3813526564378,deterministic,random,0.5
2600,0.27468003706003613,0.0004907329955424827,-0.2741893040644936,33.23733822455773,deterministic,random,0.5
2600,-0.07406394685415972,0.026578001059343267,0.10064194791350299,-33.16786015803997,stochastic,random,0.5
2600,-0.07311324597532243,-0.011970953019716455,0.06114229295560598,-20.26929613186763,stochastic,random,0.5
2600,-0.027503287812153127,0.0005480148819445345,0.02805130269409766,-12.930728926658631,stochastic,random,0.5
2600,-0.007134425760551284,0.004494549679892281,0.011628975440443565,-6.4930002287717965,stochastic,random,0.5
2600,0.055142928136550695,-0.005987788690455581,-0.06113071682700628,-1.1445935454608676,stochastic,random,0.5
2600,0.0943211562603224,0.01016356181964511,-0.08415759444067729,2.9587178394886164,stochastic,random,0.5
2600,0.06784601791534582,-0.00792558060596303,-0.07577159852130885,8.069952541314638,stochastic,random,0.5
2600,0.08124408442585264,0.004905185312561046,-0.07633889911329159,14.340445786989653,stochastic,random,0.5
2600,0.13180019258603212,-0.01379633182395572,-0.14559652440998783,21.361159569666935,stochastic,random,0.5
2600,0.2063173465001343,0.0048230989277922515,-0.20149424757234205,33.74946845714862,stochastic,random,0.5
2600,0.02566150330221997,0.03754795309783031,0.011886449795610344,-30.760347480773927,deterministic,random,0.2
2600,0.0403498526616022,0.01577668729063589,-0.024573165370966307,-18.38070108780494,deterministic,random,0.2
2600,0.05153527993816309,0.019720108527108097,-0.031815171411055,-11.000737120921794,deterministic,random,0.2
2600,0.06553997566636938,0.014370366294259349,-0.051169609372110035,-4.984443648595076,deterministic,random,0.2
2600,0.10390052184175987,0.005112148078400283,-0.09878837376335958,0.09843483134692248,deterministic,random,0.2
2600,0.11945004902744236,0.003313015199696215,-0.11613703382774615,4.734294546842575,deterministic,random,0.2
2600,0.13845854725115575,0.0016347581554705707,-0.13682378909568518,9.888453124119685,deterministic,random,0.2
2600,0.16287085379545505,-0.003410402596793854,-0.16628125639224892,15.677762236228356,deterministic,random,0.2
2600,0.1709665951727388,-0.013412484313997153,-0.18437907948673596,22.51035256605882,deterministic,random,0.2
2600,0.2446621100214095,-0.0013294152968984026,-0.2459915253183079,34.400669887249286,deterministic,random,0.2
2600,0.035094844775381856,0.033601652394360054,-0.0014931923810217996,-30.88935527434716,stochastic,random,0.2
2600,0.037897782719989594,0.01532036337217925,-0.022577419347810344,-18.52939232312716,stochastic,random,0.2
2600,0.056536106609284896,0.016684780495494263,-0.03985132611379063,-11.251178438846882,stochastic,random,0.2
2600,0.06958707034573308,0.019460808600885615,-0.05012626174484747,-5.21712747500493,stochastic,random,0.2
2600,0.09902429222251298,0.004026010185267436,-0.09499828203724554,-0.2326995873179448,stochastic,random,0.2
2600,0.11414020755942776,0.008015966554017862,-0.1061242410054099,4.39758810364283,stochastic,random,0.2
2600,0.1380954112499715,-0.0001416244808150133,-0.13823703573078652,9.552411890763503,stochastic,random,0.2
2600,0.152105048662365,-0.002863509069306579,-0.15496855773167156,15.442652846849882,stochastic,random,0.2
2600,0.1625830846111841,-0.012138247493343302,-0.1747213321045274,22.282697453865637,stochastic,random,0.2
2600,0.23599990897638445,-0.002282497732174726,-0.23828240670855919,34.41243771919837,stochastic,random,0.2
2600,0.006723074560555128,0.035019362401933624,0.028296287841378498,-30.008064107161303,deterministic,random,0.1
2600,0.012811094438657165,0.014867910168921718,0.0020568157302645537,-17.720123540804938,deterministic,random,0.1
2600,0.024936342833635324,0.023300388009072498,-0.0016359548245628293,-10.29488632770685,deterministic,random,0.1
2600,0.038435418476852085,0.019860461838543415,-0.018574956638308673,-3.9983492028713226,deterministic,random,0.1
2600,0.10992489974981604,0.008780737181838888,-0.10114416256797715,1.2125738591761686,deterministic,random,0.1
2600,0.15321355356584088,0.0018979620152654556,-0.15131559155057542,6.062202924214876,deterministic,random,0.1
2600,0.206637976108692,0.001915552979335189,-0.20472242312935682,11.335287343538724,deterministic,random,0.1
2600,0.23086215276163644,-0.009406102947317637,-0.24026825570895408,17.26397321004134,deterministic,random,0.1
2600,0.28454219432153666,-0.01935830904672352,-0.3039005033682602,24.297111239800085,deterministic,random,0.1
2600,0.4484606583104827,-0.017854285983798596,-0.46631494429428133,36.75838680047255,deterministic,random,0.1
2600,0.01055464148579631,0.03695612793113329,0.026401486445336977,-30.079125599494347,stochastic,random,0.1
2600,0.01035901434963587,0.015259771223141937,0.004900756873506068,-17.796813084528996,stochastic,random,0.1
2600,0.030386110813426338,0.018127345231455715,-0.012258765581970622,-10.391340137995206,stochastic,random,0.1
2600,0.03785783933114054,0.02268523794049263,-0.015172601390647918,-4.178383122315774,stochastic,random,0.1
2600,0.10767147772235779,0.007903037828778346,-0.09976843989357943,1.1168764183208426,stochastic,random,0.1
2600,0.14937356276142125,0.006417942346966951,-0.14295562041445428,6.08965511899728,stochastic,random,0.1
2600,0.20896124262300034,-0.0041568196386819745,-0.2131180622616823,11.392135276060838,stochastic,random,0.1
2600,0.23262703964379258,-0.007629292400838145,-0.24025633204463073,17.28014652949113,stochastic,random,0.1
2600,0.27954785747838634,-0.016941240364260292,-0.29648909784264665,24.22462340941796,stochastic,random,0.1
2600,0.44625379715806607,-0.01833404505515668,-0.46458784221322275,36.908147772275484,stochastic,random,0.1
2600,-0.10066754021180364,-0.06364867791891671,0.03701886229288693,-22.15544340133667,deterministic,persistent_spread_only,learned
2600,-0.11558033452727473,-0.06264172421481747,0.052938610312457265,-12.828426141738891,deterministic,persistent_spread_only,learned
2600,-0.11876181540580896,-0.06391214622399555,0.054849669181813415,-8.169598636627198,deterministic,persistent_spread_only,learned
2600,-0.12109778530179308,-0.06375814217859163,0.05733964312320145,-4.553662570990049,deterministic,persistent_spread_only,learned
2600,-0.11943764437419864,-0.060000064929660694,0.059437579444537945,-1.309691387806558,deterministic,persistent_spread_only,learned
2600,-0.11714083789346309,-0.059627326493366405,0.05751351140009669,1.8170381405834968,deterministic,persistent_spread_only,learned
2600,-0.1183846140309022,-0.060835228863960276,0.05754938516694193,5.093150589282696,deterministic,persistent_spread_only,learned
2600,-0.11636150536055748,-0.06446286593492215,0.051898639425635336,8.758210804462433,deterministic,persistent_spread_only,learned
2600,-0.11321051426518422,-0.06307211198485814,0.05013840228032607,13.328281684288612,deterministic,persistent_spread_only,learned
2600,-0.09651515838618462,-0.061341680627172955,0.03517347775901166,22.578340351398175,deterministic,persistent_spread_only,learned
2600,-0.05004138965623077,-0.039677682383447134,0.010363707272783637,-32.91025417034442,stochastic,persistent_spread_only,learned
2600,-0.09251088307021955,-0.031352161741927446,0.061158721328292115,-20.432040548324586,stochastic,persistent_spread_only,learned
2600,-0.07629851770137276,-0.024987567472372366,0.05131095022900039,-13.772184375983018,stochastic,persistent_spread_only,learned
2600,-0.05445403792922242,-0.040588375962822915,0.013865661966399505,-8.09538168320289,stochastic,persistent_spread_only,learned
2600,-0.0673580085989446,-0.041261760670682775,0.026096247928261828,-2.9606028586167557,stochastic,persistent_spread_only,learned
2600,-0.08562647838165643,-0.06352202018687071,0.022104458194785716,1.4965607391885278,stochastic,persistent_spread_only,learned
2600,-0.07024696770198016,-0.03328505726607266,0.036961910435907505,6.73835948742353,stochastic,persistent_spread_only,learned
2600,-0.08370238864597362,-0.037789462301298045,0.045912926344675586,12.676354900140028,stochastic,persistent_spread_only,learned
2600,-0.06428074395946728,-0.026419156068463612,0.03786158789100367,19.53925221993373,stochastic,persistent_spread_only,learned
2600,-0.03816671515570936,-0.029601324358059525,0.008565390797649832,32.50308610329261,stochastic,persistent_spread_only,learned
2600,-0.10143877301078576,-0.061469874001967795,0.03996889900881797,-22.088206783808193,deterministic,persistent_spread_only,1.0
2600,-0.11851175338173142,-0.06322665222777198,0.055285101153959446,-12.784904919771048,deterministic,persistent_spread_only,1.0
2600,-0.12094499192128962,-0.06363217473925593,0.05731281718203368,-8.14305262363874,deterministic,persistent_spread_only,1.0
2600,-0.12340864988760307,-0.06394067398773937,0.059467975899863704,-4.538178690671921,deterministic,persistent_spread_only,1.0
2600,-0.12163498135283589,-0.060276127088671694,0.0613588542641642,-1.31252267865679,deterministic,persistent_spread_only,1.0
2600,-0.11973377710351576,-0.05977545140669323,0.059958325696822544,1.8164872560076988,deterministic,persistent_spread_only,1.0
2600,-0.12042738023858804,-0.06077411512736804,0.059653265111219995,5.07288060105764,deterministic,persistent_spread_only,1.0
2600,-0.11823224858452494,-0.06394423426773686,0.054288014316788084,8.72565648647455,deterministic,persistent_spread_only,1.0
2600,-0.11522536940156267,-0.0630108675117103,0.052214501889852376,13.275983910927406,deterministic,persistent_spread_only,1.0
2600,-0.09695299478820883,-0.05846255743302978,0.038490437355179055,22.495071204992442,deterministic,persistent_spread_only,1.0
2600,-0.048813861444538746,-0.040335241659732464,0.008478619784806282,-32.93764318686265,stochastic,persistent_spread_only,1.0
2600,-0.09390514286127515,-0.030957927000137997,0.06294721586113715,-20.44167804864737,stochastic,persistent_spread_only,1.0
2600,-0.08227098842769359,-0.024510855320953012,0.05776013310674059,-13.783676169102009,stochastic,persistent_spread_only,1.0
2600,-0.04799793019982574,-0.03728768046705787,0.010710249732767876,-8.107590093245873,stochastic,persistent_spread_only,1.0
2600,-0.06282103965994723,-0.03414585484534305,0.02867518481460418,-2.9186704895358817,stochastic,persistent_spread_only,1.0
2600,-0.09120921944637443,-0.0683477964978486,0.022861422948525823,1.5107105564725833,stochastic,persistent_spread_only,1.0
2600,-0.06925732679967321,-0.035103719974196375,0.034153606825476836,6.774837451714736,stochastic,persistent_spread_only,1.0
2600,-0.08390239577823265,-0.0412661123322323,0.04263628344600035,12.741969215319706,stochastic,persistent_spread_only,1.0
2600,-0.06272721597065146,-0.026792896774937756,0.0359343191957137,19.612029107533967,stochastic,persistent_spread_only,1.0
2600,-0.04020691435280381,-0.020435614686486168,0.019771299666317646,32.473718164884126,stochastic,persistent_spread_only,1.0
2600,0.02284561411647771,0.05528610063501849,0.03244048651854078,-22.007696268008306,deterministic,persistent_spread_only,0.5
2600,0.016618939260235773,0.05735510434740438,0.0407361650871686,-12.804224176773658,deterministic,persistent_spread_only,0.5
2600,0.01575383125132738,0.05765585192622474,0.04190202067489736,-8.160527673317835,deterministic,persistent_spread_only,0.5
2600,0.015736454983349316,0.05805506317661359,0.04231860819326427,-4.560145947383,deterministic,persistent_spread_only,0.5
2600,0.015049301530234515,0.05926955712099488,0.044220255590760364,-1.3257966390658447,deterministic,persistent_spread_only,0.5
2600,0.016430092475985966,0.060100327300337646,0.04367023482435168,1.82189585285118,deterministic,persistent_spread_only,0.5
2600,0.0174993048756061,0.058535539081606726,0.04103623420600063,5.0750479430418745,deterministic,persistent_spread_only,0.5
2600,0.016933024325228942,0.05726978436972086,0.04033676004449192,8.715823127306425,deterministic,persistent_spread_only,0.5
2600,0.01922091843202137,0.0572156506146376,0.037994732182616224,13.250564762262197,deterministic,persistent_spread_only,0.5
2600,0.02493607192998752,0.05487018257379532,0.0299341106438078,22.34730996131897,deterministic,persistent_spread_only,0.5
2600,0.026205406564762456,0.05154517657922742,0.02533977001446496,-29.445969304304857,stochastic,persistent_spread_only,0.5
2600,0.0061354779668349345,0.0485787376515733,0.04244325968473836,-18.1010532947687,stochastic,persistent_spread_only,0.5
2600,0.03169494358535023,0.05386949386652514,0.02217455028117491,-12.031781190358675,stochastic,persistent_spread_only,0.5
2600,0.004244769968712577,0.044053264580960295,0.03980849461224772,-7.097099112914159,stochastic,persistent_spread_only,0.5
2600,0.008248230394226714,0.04227458820243975,0.03402635780821304,-2.6961668583750726,stochastic,persistent_spread_only,0.5
2600,0.008642195828142575,0.04184421326230781,0.03320201743416524,1.5861155597702041,stochastic,persistent_spread_only,0.5
2600,0.012381075742976883,0.05324570769282917,0.04086463194985229,6.052492704849977,stochastic,persistent_spread_only,0.5
2600,0.023144612215177263,0.05517209116202699,0.03202747894684972,11.248411712279687,stochastic,persistent_spread_only,0.5
2600,0.021659032841830943,0.04486843310963685,0.023209400267805904,17.53764265023745,stochastic,persistent_spread_only,0.5
2600,0.022712686542643218,0.04778079119997878,0.025068104657335565,29.17989071699289,stochastic,persistent_spread_only,0.5
2600,0.1942127599567175,0.13789498866643182,-0.05631777129028566,-22.457007172657892,deterministic,persistent_spread_only,0.2
2600,0.18613784709802042,0.13499849256557914,-0.05113935453244127,-13.118885365266067,deterministic,persistent_spread_only,0.2
2600,0.18500965553980608,0.12549929056531534,-0.05951036497449073,-8.344991290752704,deterministic,persistent_spread_only,0.2
2600,0.1856697712924618,0.13281402012978036,-0.052855751162681444,-4.658954033943323,deterministic,persistent_spread_only,0.2
2600,0.1843563854923615,0.1327187525935901,-0.05163763289877142,-1.3504868248388924,deterministic,persistent_spread_only,0.2
2600,0.18598197440974987,0.13115737377773398,-0.0548246006320159,1.8629689452854488,deterministic,persistent_spread_only,0.2
2600,0.1876888244599104,0.13654316746952155,-0.05114565699038884,5.203387773495454,deterministic,persistent_spread_only,0.2
2600,0.18623663078993558,0.13163722289582858,-0.05459940789410701,8.890277499235593,deterministic,persistent_spread_only,0.2
2600,0.1898725147344745,0.1354628715868323,-0.054409643147642225,13.568591834581815,deterministic,persistent_spread_only,0.2
2600,0.19572114197967144,0.13989841953815463,-0.055822722441516814,22.802293738585252,deterministic,persistent_spread_only,0.2
2600,0.18462250961842633,0.15692023764230095,-0.027702271976125372,-24.313890963334302,stochastic,persistent_spread_only,0.2
2600,0.1854433947822858,0.1412487761345871,-0.044194618647698705,-14.116379860364473,stochastic,persistent_spread_only,0.2
2600,0.17163310719414418,0.12820078502655424,-0.04343232216758994,-8.972265101762918,stochastic,persistent_spread_only,0.2
2600,0.17019096633513423,0.12248452274147824,-0.04770644359365598,-4.9580885549692,stochastic,persistent_spread_only,0.2
2600,0.17896027356477973,0.11682591117659916,-0.06213436238818058,-1.2824612767426096,stochastic,persistent_spread_only,0.2
2600,0.17754297898686044,0.1239337634500743,-0.05360921553678614,2.2436845365395914,stochastic,persistent_spread_only,0.2
2600,0.17995465430115404,0.13064104583534153,-0.04931360846581251,5.917804967623491,stochastic,persistent_spread_only,0.2
2600,0.18107378474574384,0.12435318022729076,-0.05672060451845307,10.03898248562446,stochastic,persistent_spread_only,0.2
2600,0.18826264362149792,0.12950616753894093,-0.05875647608255699,15.385619127933795,stochastic,persistent_spread_only,0.2
2600,0.2031515619669181,0.11980426607512457,-0.08334729589179356,26.185170508164624,stochastic,persistent_spread_only,0.2
2600,0.146768824327558,0.07206716754115546,-0.07470165678640255,-22.35139004267179,deterministic,persistent_spread_only,0.1
2600,0.13262360245437146,0.04904553873034624,-0.08357806372402522,-13.052890731004569,deterministic,persistent_spread_only,0.1
2600,0.1349806128306171,0.032800197406457024,-0.10218041542416009,-8.305173808427957,deterministic,persistent_spread_only,0.1
2600,0.13072926725045994,0.04013511204375671,-0.09059415520670322,-4.640741914235629,deterministic,persistent_spread_only,0.1
2600,0.13152982037532357,0.04087004522864635,-0.09065977514667722,-1.346074325055737,deterministic,persistent_spread_only,0.1
2600,0.13531546091248925,0.042245718097457516,-0.09306974281503175,1.8476126357110647,deterministic,persistent_spread_only,0.1
2600,0.13801606663269922,0.04720979810907291,-0.09080626852362632,5.1763553192065315,deterministic,persistent_spread_only,0.1
2600,0.13517308025423866,0.04189990055102569,-0.09327317970321299,8.827656045877017,deterministic,persistent_spread_only,0.1
2600,0.14027580005833162,0.05438597867695185,-0.08588982138137978,13.485919824013344,deterministic,persistent_spread_only,0.1
2600,0.14840191962788454,0.07470109428350742,-0.07370082534437712,22.68371459153982,deterministic,persistent_spread_only,0.1
2600,0.13950689285542467,0.0959389648981876,-0.043567927957237074,-22.575617449833796,stochastic,persistent_spread_only,0.1
2600,0.1277343126487372,0.06783484566381398,-0.05989946698492321,-13.152833908521211,stochastic,persistent_spread_only,0.1
2600,0.11962026823091526,0.03992428712594959,-0.07969598110496567,-8.293900215625763,stochastic,persistent_spread_only,0.1
2600,0.12347372796600281,0.04137991793301458,-0.08209381003298824,-4.521223454292004,stochastic,persistent_spread_only,0.1
2600,0.1285377566985083,0.04133415673055704,-0.08720359996795125,-1.1199539190274999,stochastic,persistent_spread_only,0.1
2600,0.128990689173896,0.04164521288828557,-0.08734547628561044,2.115556809076896,stochastic,persistent_spread_only,0.1
2600,0.1290659108724727,0.05099742871642005,-0.07806848215605267,5.589407515984315,stochastic,persistent_spread_only,0.1
2600,0.13760149089424745,0.03774432049291835,-0.0998571704013291,9.433186807449047,stochastic,persistent_spread_only,0.1
2600,0.14608256180119217,0.04374578561490545,-0.10233677618628673,14.330913366904625,stochastic,persistent_spread_only,0.1
2600,0.18452567744115816,0.0322754682784412,-0.15225020916271695,24.193615819490873,stochastic,persistent_spread_only,0.1
