approx_kl,clip_fraction,deterministic_epsilon_ask_mean,deterministic_epsilon_ask_state_std,deterministic_epsilon_bid_mean,deterministic_epsilon_bid_state_std,entropy_proxy,latent_sigma_ask_mean,latent_sigma_ask_state_std,latent_sigma_bid_mean,latent_sigma_bid_state_std,policy_loss,seed,state_dependent_std,training_step,value_loss
0.001337294396944344,0.00029296875,0.0323575388414051,0.476584732700555,0.13053445115130252,0.07542851002863248,4.2454714179039,0.9996903761839255,0.029909063957737313,0.9941980942701683,0.05660965865318275,-0.001671037240885198,0,True,10240,5725.890380859375
0.010794461047044023,0.06455078125,0.033681234131262706,0.46659976131293884,0.09541366945546216,0.25659661391306665,4.234010505676269,1.0001195277923192,0.1387101706957202,0.9768903573354085,0.08349972393868067,-0.012547440745402127,0,True,20480,389.12880935668943
0.006261851260205731,0.0462890625,0.05861455042337557,0.08575324226513228,0.1265145997863072,0.32142294450960024,4.14013352394104,0.9684882507874415,0.15269317988437225,0.941352200966615,0.049750892858130134,-0.009572718641720712,0,True,39936,251.48315963745117
0.006047841371037066,0.02255859375,0.3827850583075092,0.20868746328912818,-0.001479986017325129,0.4094538531563375,4.1728612065315245,1.0175729595697842,0.08704674816780793,0.9176080670112219,0.13099524691910042,-0.005395526671782136,0,True,60416,387.4649627685547
0.013056217250414193,0.04765625,0.298231055180375,0.2219763104678226,0.11605692642191663,0.43944164726842716,3.999392056465149,0.9762574927929121,0.08405325604512476,0.9044496239759983,0.04303920259755654,-0.008945608884096146,0,True,100352,544.3866668701172
0.00036993165267631414,0.0,0.1658894278693389,0.27009763522363966,0.07645170187267164,0.4276920772976475,3.7101347744464874,0.966160203401859,0.04516484550969347,0.8794412052020049,0.11192744247785955,-0.0008652245160192251,0,True,149504,2580.294122314453
0.002347773825749755,0.0021484375,-0.07850928334981944,0.39936777603693824,-0.023620715632270545,0.5912605666996146,3.2916582763195037,0.822339954590186,0.1707384059572337,0.899305041325398,0.06086440117115216,-0.0018674736144021153,0,True,199680,580.2900375366211
0.0018593394139315932,0.0,-0.033966735789838894,0.3918813239888135,-0.014033939013591944,0.5739831995260435,3.204912567138672,0.8340255176409697,0.1848230718444735,0.9003575277634156,0.06187615669228028,-0.0018851107452064753,0,True,204800,614.4523399353027
0.011634224187582731,0.07509765625,-0.026396917735035413,0.24713110464667834,0.043640900545496825,0.10619355040447584,4.255109572410584,1.0159165640672048,0.028624767625822025,0.9954442464388333,0.07213999482996224,-0.011558002349920571,1,True,10240,1959.5764862060546
0.011737418128177524,0.0439453125,0.009710733394604177,0.4069133074426894,0.0867207046959382,0.19703237153110525,4.313177335262298,1.043426182331183,0.1940390505880398,0.9911653518676757,0.0769566250632573,-0.007263642479665577,1,True,20480,109.27395133972168
0.008783793030306696,0.0505859375,0.15073631917699598,0.5187024922439879,0.12409132085979367,0.3285503221741833,4.307647430896759,1.015191653294441,0.14512657774339693,1.060186059658344,0.19724127498224037,-0.003388910484500229,1,True,39936,115.18837680816651
0.004347317718202248,0.01591796875,0.13779989369512083,0.512826606836949,0.0892059602547819,0.4856677125248998,4.378928279876709,0.9959700986360892,0.07576568841449065,1.1186735125688405,0.32929910594863865,-0.005175494053401053,1,True,60416,99.80697517395019
0.010001116807688958,0.04609375,0.03886092232110409,0.6909567054889432,-0.11550860812884564,0.2701127896393627,4.296106469631195,1.0164675403863956,0.12700270306562259,1.060327401986489,0.2465981908309596,-0.009640791558194906,1,True,100352,1205.6692749023437
0.022147133969701825,0.078515625,0.06613739229938707,0.6876132851944973,-0.05916681945658265,0.2811985386319179,4.165274000167846,0.9628841025707049,0.06358793830043105,1.0784926333488563,0.3554182725576074,-0.01638688831590116,1,True,149504,1483.27001953125
0.002760309891891666,0.00517578125,0.07895615096748747,0.7918576353115665,-0.029073656312166116,0.3038953698334798,4.109670090675354,0.9768448542325925,0.12053980128588226,0.9877108110831334,0.10458589569828566,-0.004555738135240972,1,True,199680,2974.3589050292967
0.0005636033019982278,0.0,0.0545047386095692,0.8224272486123676,-0.023797029075033675,0.18813986525901516,4.108721196651459,0.971663333208133,0.1120976838868727,0.9968733272491357,0.1132112953124185,-0.0021242821007035674,1,True,204800,15271.877172851562
0.011909803585149347,0.0396484375,0.08790290564722501,0.10650258159648958,0.1413014170480892,0.4610565780782591,4.281917917728424,1.0151622631610968,0.08967091991095422,0.9837078884626046,0.03065012491916336,-0.008615905372425913,2,True,10240,391.8601501464844
0.009054162399843335,0.03642578125,0.09367868120271641,0.15507983981532594,0.18010213856334584,0.5449757873115726,4.215240144729615,0.9727811085872161,0.06333805662518284,0.9992080271244049,0.07457594188578415,-0.007148484565550462,2,True,20480,356.40066680908205
0.014817049910197966,0.10048828125,0.13473446819787988,0.24401259409194861,0.11334314291508725,0.3238751214849048,4.071531224250793,0.8961048570963053,0.0641964279204265,0.9723894133017613,0.16083266036939467,-0.011812290316447616,2,True,39936,429.648787689209
0.005239286189316772,0.00751953125,0.20409943467029967,0.33244850685848304,0.07120793584774499,0.29764061576137835,4.062409573793412,0.9289755617960905,0.16488030090885028,0.9970413735279671,0.29770256283094226,-0.0020470744231715797,2,True,60416,3178.2131774902346
0.0035412124736467375,0.00263671875,0.1444666325269888,0.23420467590570035,0.11760068313958935,0.21970333435609635,3.8749719321727754,0.8577760717807672,0.23958314743606046,0.8911317920073485,0.3284387735908049,-0.003447181871160865,2,True,100352,6832.0537109375
0.003956377547001466,0.00947265625,0.09198599840538242,0.4990989677152005,0.19751947892065613,0.2965730909760994,3.8305095374584197,0.9197848568360011,0.35520262403772834,0.936338087839958,0.27578452184059243,-0.007300753716845065,2,True,149504,17587.573510742186
0.009476888322387822,0.08388671875,0.005984340706326736,0.6737855565138403,0.1929687462436656,0.23501007264784904,3.5189275205135346,0.7948982906647217,0.09151985897619393,0.9390634050736061,0.24428844651406825,-0.015261160267982632,2,True,199680,8219.8123046875
0.018442070970195346,0.09609375,-0.0069998715407191174,0.6006021479706147,0.2110493182252424,0.2582516422025335,3.4937127947807314,0.7791158385765858,0.08749932491099138,0.9563483933607737,0.2602041598704652,-0.01989979052450508,2,True,204800,3281.5185668945314
0.01833856654702686,0.0654296875,-0.021946829810547522,0.227061145687729,-0.04328470127179455,0.29693348791822805,4.2531362771987915,1.0026113614057883,0.0368941947563812,0.9666430218097491,0.18587606364364187,-0.010722029849421232,3,True,10240,2084.06201171875
-0.000414600083604455,9.765625e-05,0.0014703383478216637,0.3574965900623691,0.028397675265725224,0.5529020267353449,4.186609256267547,1.0335684527189304,0.06154908283184043,0.9328832915196053,0.15577472374875734,-0.0023354088654741643,3,True,20480,565.733251953125
-0.000842950859805569,0.00244140625,-0.04033432812310564,0.5438908762155036,0.0246249272273137,0.4560706805219986,4.1208746314048765,1.052330176341228,0.17980860994391976,0.9239154143211169,0.20526525685555647,-0.0020982060581445695,3,True,39936,991.506103515625
0.0037526891916058957,0.0259765625,-0.04297127956285691,0.5382319515345267,0.020266416137560438,0.3766706114868077,4.0879750609397885,1.0516307924038324,0.18280592038916202,0.9079133687875209,0.2878582408462247,-0.007159616379067302,3,True,60416,809.5475860595703
-0.0011963121185544878,0.0005859375,-0.1483615428639146,0.8343461971014835,-0.00996497363741629,0.21798219409510927,4.120698261260986,1.0385838747024536,0.16936774771919755,0.9487485365989881,0.42496396278481013,-0.002728848025435582,3,True,100352,4315.975769042969
0.004292786360019818,0.0087890625,0.069374319146841,0.7327407223258177,0.23089159222480912,0.28547662699612747,3.954331409931183,1.1104740031254596,0.2937761277807236,0.9278317312399547,0.5074117931234461,-0.0030417996225878597,3,True,149504,5790.780834960938
0.002439036648138426,0.02880859375,-0.024962636049932395,0.7815320151597532,0.0871561380306211,0.41459776144591776,3.9024362444877623,1.3176470684699524,0.6526169232377883,0.9150034972490408,0.44907409080481964,-0.0015674205962568522,3,True,199680,924.2240280151367
0.004024049715371803,0.03076171875,0.05305876420476498,0.7804384216678298,0.15318112066552902,0.4702117894200186,3.8210989236831665,1.2567013683991555,0.6494246079833154,0.92629195360037,0.4413119542014077,-0.006988395110238343,3,True,204800,2667.2820678710937
0.00042802058742381633,0.01767578125,-0.1026178950506549,0.09495309454744309,-0.04522171112535617,0.0981263726053807,4.147769045829773,0.9539454773450509,0.07433650694460507,0.9801457119293702,0.022552361241021376,-0.004395247367210686,4,True,10240,1059.955551147461
0.005282074538990855,0.015234375,-0.10761300437659838,0.4745563239970016,-0.12231244440608395,0.1856714758832267,4.1121254682540895,0.9226406386265388,0.05069034773774276,0.9767791211605072,0.12748966326341343,-0.005218640598468482,4,True,20480,1805.960256958008
0.00393159098457545,0.02080078125,-0.25289394974362295,0.27434749958721,0.0015357404166701225,0.11504247802192917,4.044912600517273,0.8910054958783663,0.0519990172790456,0.9721688097868211,0.20598342022532587,-0.0010376111837103962,4,True,39936,1034.3702026367187
0.005654624477028847,0.0216796875,-0.16893449837986665,0.45613523771121334,0.03414872998926932,0.28655537230054157,4.041709870100021,0.848849777991955,0.07083483118584145,1.080397492952836,0.3384871501951394,-0.008594431285746395,4,True,60416,152.04004364013673
0.0015803159651113674,9.765625e-05,-0.23484267795231575,0.3267986216800396,-0.08554894696542015,0.37886037080924445,3.986328881978989,0.8052803837336027,0.06868765481280685,1.0026074349880219,0.2981624370797431,-0.003484098333865404,4,True,100352,4881.651025390625
0.007123630971182138,0.03837890625,-0.1001825854038963,0.27458214146669446,0.0937824469308954,0.32652137214706634,3.672613424062729,0.6941557696996591,0.22212923359353978,1.0856410822807214,0.34297911958975197,-0.009833150682970882,4,True,149504,592.7847442626953
0.0032622070575598627,0.008984375,0.041594655393885495,0.5137098163018414,0.057852754763399176,0.3472222567276946,3.447066938877106,0.6790440307977872,0.25660530634698514,1.2067911067070105,0.4268287981831801,-0.002057706075720489,4,True,199680,1302.2974426269532
0.03207965974579565,0.21103515625,0.09638598761954106,0.540337571162417,0.047901688427186735,0.40541334662639417,3.3062649190425875,0.6465735035829056,0.2601991262552215,1.1309985253291253,0.3777509567782886,-0.014272796153090895,4,True,204800,211.20710868835448
