baseline,baseline_value,metric,paired_difference,seed,treatment,treatment_value
gamma_current_ppo,0.07029489038163984,mean_epsilon_bid,0.011034773740807746,0,unit_current_ppo,0.08132966412244759
gamma_current_ppo,-0.12406252263045574,mean_epsilon_ask,0.20712243900566624,0,unit_current_ppo,0.08305991637521051
gamma_current_ppo,0.6284494253934402,epsilon_bid_std,-0.0012749274576557834,0,unit_current_ppo,0.6271744979357844
gamma_current_ppo,0.6224463317960098,epsilon_ask_std,0.0035764272167080335,0,unit_current_ppo,0.6260227590127179
gamma_current_ppo,1.0039024353027344,latent_std_bid,-0.0018543004989624023,0,unit_current_ppo,1.002048134803772
gamma_current_ppo,0.9999676942825317,latent_std_ask,-0.00046443939208984375,0,unit_current_ppo,0.9995032548904419
gamma_current_ppo,0.07029489038163984,analytical_error_bid,0.011034773740807746,0,unit_current_ppo,0.08132966412244759
gamma_current_ppo,0.12406252263045574,analytical_error_ask,-0.041002606255245225,0,unit_current_ppo,0.08305991637521051
gamma_current_ppo,0.12509189559433323,deterministic_mean_epsilon_bid,0.018041439089350964,0,unit_current_ppo,0.1431333346836842
gamma_current_ppo,-0.21357889179713452,deterministic_mean_epsilon_ask,0.3386550647220933,0,unit_current_ppo,0.12507617292495873
gamma_current_ppo,0.5136475802269279,mean_market_share,-0.05108988791923558,0,unit_current_ppo,0.46255769230769234
gamma_current_ppo,0.27532197879476655,mean_spread_pnl,-0.14267497112288205,0,unit_current_ppo,0.1326470076718845
gamma_current_ppo,0.3131575609636458,spread_pnl_std,-0.1646159172429115,0,unit_current_ppo,0.14854164372073428
gamma_current_ppo,18.61970951816605,inventory_std,-9.737721534361894,0,unit_current_ppo,8.881987983804157
gamma_current_ppo,28.61045555725974,mean_total_pnl,-3.006892100404741,0,unit_current_ppo,25.603563456855
gamma_current_ppo,0.05502010684088412,mean_total_pnl_per_step,-0.005782484808470656,0,unit_current_ppo,0.04923762203241346
gamma_current_ppo,39.948041141396075,gross_investor_volume_mean,-19.948041141396075,0,unit_current_ppo,20.0
gamma_current_ppo,6.316488822202194,gross_investor_volume_std,-6.316488822202194,0,unit_current_ppo,0.0
gamma_current_ppo,0.48048962166284964,net_investor_flow_mean,-0.32472039089361887,0,unit_current_ppo,0.15576923076923077
gamma_current_ppo,10.703718991393057,net_investor_flow_std,-6.325850109534492,0,unit_current_ppo,4.377868881858565
gamma_current_ppo,10.077884615384615,n_buy_mean,0.0,0,unit_current_ppo,10.077884615384615
gamma_current_ppo,2.1889344409292826,n_buy_std,0.0,0,unit_current_ppo,2.1889344409292826
gamma_current_ppo,9.922115384615385,n_sell_mean,0.0,0,unit_current_ppo,9.922115384615385
gamma_current_ppo,2.1889344409292826,n_sell_std,0.0,0,unit_current_ppo,2.1889344409292826
gamma_current_ppo,10.289615384615384,n_rl_won_mean,-1.0384615384615383,0,unit_current_ppo,9.251153846153846
gamma_current_ppo,7.262811481878197,n_rl_won_std,-0.018609648197650763,0,unit_current_ppo,7.244201833680546
gamma_current_ppo,9.710384615384616,n_competitor_won_mean,1.0384615384615383,0,unit_current_ppo,10.748846153846154
gamma_current_ppo,7.262811481878197,n_competitor_won_std,-0.018609648197650763,0,unit_current_ppo,7.244201833680546
gamma_current_ppo,0.36706228880249003,market_share_std,-0.004852197118462742,0,unit_current_ppo,0.3622100916840273
gamma_current_ppo,0.3822805502146142,mean_epsilon_bid,0.014429444134595848,1,unit_current_ppo,0.39670999434921006
gamma_current_ppo,0.02180782118282178,mean_epsilon_ask,0.10471270979147589,1,unit_current_ppo,0.12652053097429766
gamma_current_ppo,0.5600672961005014,epsilon_bid_std,-0.00575413017361992,1,unit_current_ppo,0.5543131659268815
gamma_current_ppo,0.6255269838794763,epsilon_ask_std,-0.004625695902002236,1,unit_current_ppo,0.620901287977474
gamma_current_ppo,0.9963412880897522,latent_std_bid,-0.003178238868713379,1,unit_current_ppo,0.9931630492210388
gamma_current_ppo,0.993374764919281,latent_std_ask,0.006430447101593018,1,unit_current_ppo,0.999805212020874
gamma_current_ppo,0.3822805502146142,analytical_error_bid,0.014429444134595848,1,unit_current_ppo,0.39670999434921006
gamma_current_ppo,0.02180782118282178,analytical_error_ask,0.10471270979147589,1,unit_current_ppo,0.12652053097429766
gamma_current_ppo,0.5993919739127159,deterministic_mean_epsilon_bid,0.015606233030557637,1,unit_current_ppo,0.6149982069432736
gamma_current_ppo,0.02900705774156869,deterministic_mean_epsilon_ask,0.17116775623967093,1,unit_current_ppo,0.20017481398123962
gamma_current_ppo,0.39927852238302647,mean_market_share,-0.02855736853687263,1,unit_current_ppo,0.37072115384615384
gamma_current_ppo,0.26371037110349926,mean_spread_pnl,-0.13993222625532048,1,unit_current_ppo,0.12377814484817878
gamma_current_ppo,0.33565091184977136,spread_pnl_std,-0.18036901475036854,1,unit_current_ppo,0.15528189709940282
gamma_current_ppo,18.310576114046246,inventory_std,-9.61488049570067,1,unit_current_ppo,8.695695618345576
gamma_current_ppo,60.55083406309302,mean_total_pnl,-34.85601684813359,1,unit_current_ppo,25.694817214959432
gamma_current_ppo,0.11644391165979427,mean_total_pnl_per_step,-0.06703080163102614,1,unit_current_ppo,0.04941311002876814
gamma_current_ppo,40.05264874856351,gross_investor_volume_mean,-20.052648748563513,1,unit_current_ppo,20.0
gamma_current_ppo,6.4342547792188105,gross_investor_volume_std,-6.4342547792188105,1,unit_current_ppo,0.0
gamma_current_ppo,0.19103209227820397,net_investor_flow_mean,-0.21026286150897322,1,unit_current_ppo,-0.019230769230769232
gamma_current_ppo,10.791246503291688,net_investor_flow_std,-6.385697621853013,1,unit_current_ppo,4.405548881438675
gamma_current_ppo,9.990384615384615,n_buy_mean,0.0,1,unit_current_ppo,9.990384615384615
gamma_current_ppo,2.2027744407193377,n_buy_std,0.0,1,unit_current_ppo,2.2027744407193377
gamma_current_ppo,10.009615384615385,n_sell_mean,0.0,1,unit_current_ppo,10.009615384615385
gamma_current_ppo,2.2027744407193377,n_sell_std,0.0,1,unit_current_ppo,2.2027744407193377
gamma_current_ppo,7.960961538461539,n_rl_won_mean,-0.5465384615384616,1,unit_current_ppo,7.414423076923077
gamma_current_ppo,7.069749685378211,n_rl_won_std,-0.04129216955191506,1,unit_current_ppo,7.028457515826296
gamma_current_ppo,12.039038461538462,n_competitor_won_mean,0.5465384615384608,1,unit_current_ppo,12.585576923076923
gamma_current_ppo,7.069749685378212,n_competitor_won_std,-0.04129216955191595,1,unit_current_ppo,7.028457515826296
gamma_current_ppo,0.3575917148324391,market_share_std,-0.006168839041124363,1,unit_current_ppo,0.35142287579131476
gamma_current_ppo,-0.10758247336483552,mean_epsilon_bid,0.14417849030594182,2,unit_current_ppo,0.036596016941106285
gamma_current_ppo,0.14625728365861085,mean_epsilon_ask,0.0719007649842108,2,unit_current_ppo,0.21815804864282165
gamma_current_ppo,0.628018201911277,epsilon_bid_std,0.0033462053087881527,2,unit_current_ppo,0.6313644072200651
gamma_current_ppo,0.6130261990804378,epsilon_ask_std,-0.009922940029030158,2,unit_current_ppo,0.6031032590514076
gamma_current_ppo,1.0022696256637573,latent_std_bid,-0.00436854362487793,2,unit_current_ppo,0.9979010820388794
gamma_current_ppo,0.9991646409034729,latent_std_ask,0.0017884373664855957,2,unit_current_ppo,1.0009530782699585
gamma_current_ppo,0.10758247336483552,analytical_error_bid,-0.07098645642372924,2,unit_current_ppo,0.036596016941106285
gamma_current_ppo,0.14625728365861085,analytical_error_ask,0.0719007649842108,2,unit_current_ppo,0.21815804864282165
gamma_current_ppo,-0.19338039767856782,deterministic_mean_epsilon_bid,0.23857573008737887,2,unit_current_ppo,0.04519533240881104
gamma_current_ppo,0.24679512021346733,deterministic_mean_epsilon_ask,0.10974241458166106,2,unit_current_ppo,0.3565375347951284
gamma_current_ppo,0.48682420980140023,mean_market_share,-0.05687228672447714,2,unit_current_ppo,0.4299519230769231
gamma_current_ppo,0.2768633635610311,mean_spread_pnl,-0.14819697221133954,2,unit_current_ppo,0.12866639134969154
gamma_current_ppo,0.3256155176436863,spread_pnl_std,-0.172878193115622,2,unit_current_ppo,0.1527373245280643
gamma_current_ppo,17.082262896874585,inventory_std,-8.776244052540566,2,unit_current_ppo,8.30601884433402
gamma_current_ppo,28.490724672933823,mean_total_pnl,-18.893589051623145,2,unit_current_ppo,9.597135621310677
gamma_current_ppo,0.05478985514025735,mean_total_pnl_per_step,-0.03633382509927528,2,unit_current_ppo,0.01845603004098207
gamma_current_ppo,39.85331850483702,gross_investor_volume_mean,-19.85331850483702,2,unit_current_ppo,20.0
gamma_current_ppo,6.332039509093788,gross_investor_volume_std,-6.332039509093788,2,unit_current_ppo,0.0
gamma_current_ppo,-0.11004600001481503,net_investor_flow_mean,0.0681229230917381,2,unit_current_ppo,-0.041923076923076924
gamma_current_ppo,11.019952345894009,net_investor_flow_std,-6.5240811466450035,2,unit_current_ppo,4.495871199249005
gamma_current_ppo,9.979038461538462,n_buy_mean,0.0,2,unit_current_ppo,9.979038461538462
gamma_current_ppo,2.2479355996245025,n_buy_std,0.0,2,unit_current_ppo,2.2479355996245025
gamma_current_ppo,10.020961538461538,n_sell_mean,0.0,2,unit_current_ppo,10.020961538461538
gamma_current_ppo,2.2479355996245025,n_sell_std,0.0,2,unit_current_ppo,2.2479355996245025
gamma_current_ppo,9.723076923076922,n_rl_won_mean,-1.1240384615384613,2,unit_current_ppo,8.599038461538461
gamma_current_ppo,7.14712463390309,n_rl_won_std,-0.010612406788819584,2,unit_current_ppo,7.13651222711427
gamma_current_ppo,10.276923076923078,n_competitor_won_mean,1.1240384615384613,2,unit_current_ppo,11.400961538461539
gamma_current_ppo,7.14712463390309,n_competitor_won_std,-0.010612406788819584,2,unit_current_ppo,7.13651222711427
gamma_current_ppo,0.3614425312650737,market_share_std,-0.004616919909360195,2,unit_current_ppo,0.3568256113557135
gamma_current_ppo,0.1661920169130854,mean_epsilon_bid,-0.034184827359746955,3,unit_current_ppo,0.13200718955333846
gamma_current_ppo,0.15722571197107474,mean_epsilon_ask,-0.038187522412862066,3,unit_current_ppo,0.11903818955821267
gamma_current_ppo,0.616178584338232,epsilon_bid_std,0.0041108884607599094,3,unit_current_ppo,0.6202894727989919
gamma_current_ppo,0.6171727951726113,epsilon_ask_std,0.005362685109633003,3,unit_current_ppo,0.6225354802822443
gamma_current_ppo,0.9927306771278381,latent_std_bid,0.0003052353858947754,3,unit_current_ppo,0.9930359125137329
gamma_current_ppo,0.9999285936355591,latent_std_ask,0.003573775291442871,3,unit_current_ppo,1.003502368927002
gamma_current_ppo,0.1661920169130854,analytical_error_bid,-0.034184827359746955,3,unit_current_ppo,0.13200718955333846
gamma_current_ppo,0.15722571197107474,analytical_error_ask,-0.038187522412862066,3,unit_current_ppo,0.11903818955821267
gamma_current_ppo,0.28222590782034856,deterministic_mean_epsilon_bid,-0.05426354054075022,3,unit_current_ppo,0.22796236727959834
gamma_current_ppo,0.25661369055223004,deterministic_mean_epsilon_ask,-0.061967340435546164,3,unit_current_ppo,0.19464635011668388
gamma_current_ppo,0.43045103443059035,mean_market_share,0.017020119415563584,3,unit_current_ppo,0.44747115384615394
gamma_current_ppo,0.28527943042063236,mean_spread_pnl,-0.15014258601831063,3,unit_current_ppo,0.13513684440232174
gamma_current_ppo,0.3401697058520465,spread_pnl_std,-0.1870940298875296,3,unit_current_ppo,0.15307567596451688
gamma_current_ppo,18.2609584685664,inventory_std,-8.41104000783662,3,unit_current_ppo,9.84991846072978
gamma_current_ppo,28.07331247024292,mean_total_pnl,0.9511885385244412,3,unit_current_ppo,29.024501008767363
gamma_current_ppo,0.05398713936585177,mean_total_pnl_per_step,0.0018292087279316235,3,unit_current_ppo,0.05581634809378339
gamma_current_ppo,39.862891825459045,gross_investor_volume_mean,-19.862891825459045,3,unit_current_ppo,20.0
gamma_current_ppo,6.376673301496235,gross_investor_volume_std,-6.376673301496235,3,unit_current_ppo,0.0
gamma_current_ppo,0.10896649855299081,net_investor_flow_mean,-0.0816588062452985,3,unit_current_ppo,0.027307692307692307
gamma_current_ppo,10.966314885263373,net_investor_flow_std,-6.467081567931743,3,unit_current_ppo,4.49923331733163
gamma_current_ppo,10.013653846153845,n_buy_mean,0.0,3,unit_current_ppo,10.013653846153845
gamma_current_ppo,2.249616658665815,n_buy_std,0.0,3,unit_current_ppo,2.249616658665815
gamma_current_ppo,9.986346153846155,n_sell_mean,0.0,3,unit_current_ppo,9.986346153846155
gamma_current_ppo,2.249616658665815,n_sell_std,0.0,3,unit_current_ppo,2.249616658665815
gamma_current_ppo,8.582884615384616,n_rl_won_mean,0.36653846153846104,3,unit_current_ppo,8.949423076923077
gamma_current_ppo,7.155071852710888,n_rl_won_std,0.022078029825391532,3,unit_current_ppo,7.17714988253628
gamma_current_ppo,11.417115384615384,n_competitor_won_mean,-0.36653846153846104,3,unit_current_ppo,11.050576923076923
gamma_current_ppo,7.155071852710888,n_competitor_won_std,0.022078029825391532,3,unit_current_ppo,7.17714988253628
gamma_current_ppo,0.3621427244651387,market_share_std,-0.0032852303383247294,3,unit_current_ppo,0.35885749412681395
gamma_current_ppo,0.22134914277246795,mean_epsilon_bid,-0.31809178866003307,4,unit_current_ppo,-0.09674264588756509
gamma_current_ppo,0.3425226253837732,mean_epsilon_ask,0.38214465126203256,4,unit_current_ppo,0.7246672766458058
gamma_current_ppo,0.6074890792763045,epsilon_bid_std,0.016126217396062015,4,unit_current_ppo,0.6236152966723665
gamma_current_ppo,0.5741311409625763,epsilon_ask_std,-0.188282065745648,4,unit_current_ppo,0.38584907521692835
gamma_current_ppo,0.9942916631698608,latent_std_bid,0.0034711360931396484,4,unit_current_ppo,0.9977627992630005
gamma_current_ppo,0.9967319369316101,latent_std_ask,0.0029938817024230957,4,unit_current_ppo,0.9997258186340332
gamma_current_ppo,0.22134914277246795,analytical_error_bid,-0.12460649688490286,4,unit_current_ppo,0.09674264588756509
gamma_current_ppo,0.3425226253837732,analytical_error_ask,0.38214465126203256,4,unit_current_ppo,0.7246672766458058
gamma_current_ppo,0.3475534596408789,deterministic_mean_epsilon_bid,-0.5101138128856054,4,unit_current_ppo,-0.16256035324472648
gamma_current_ppo,0.5093843993200705,deterministic_mean_epsilon_ask,0.3790014829314673,4,unit_current_ppo,0.8883858822515378
gamma_current_ppo,0.35859428382448816,mean_market_share,-0.01554620690141123,4,unit_current_ppo,0.34304807692307693
gamma_current_ppo,0.2646728402892261,mean_spread_pnl,-0.16323157822300022,4,unit_current_ppo,0.10144126206622588
gamma_current_ppo,0.3435346674039595,spread_pnl_std,-0.1992696128410789,4,unit_current_ppo,0.14426505456288058
gamma_current_ppo,19.350615459461302,inventory_std,-9.76413150680331,4,unit_current_ppo,9.586483952657993
gamma_current_ppo,51.62494866337638,mean_total_pnl,-63.07488856539891,4,unit_current_ppo,-11.449939902022532
gamma_current_ppo,0.09927874742956996,mean_total_pnl_per_step,-0.12129786262576714,4,unit_current_ppo,-0.022019115196197175
gamma_current_ppo,40.133928533232165,gross_investor_volume_mean,-20.133928533232165,4,unit_current_ppo,20.0
gamma_current_ppo,6.449974597325085,gross_investor_volume_std,-6.449974597325085,4,unit_current_ppo,0.0
gamma_current_ppo,-0.03903080845587316,net_investor_flow_mean,0.03210773153279624,4,unit_current_ppo,-0.006923076923076923
gamma_current_ppo,11.0568715125272,net_investor_flow_std,-6.590592929780908,4,unit_current_ppo,4.466278582746292
gamma_current_ppo,9.996538461538462,n_buy_mean,0.0,4,unit_current_ppo,9.996538461538462
gamma_current_ppo,2.233139291373146,n_buy_std,0.0,4,unit_current_ppo,2.233139291373146
gamma_current_ppo,10.003461538461538,n_sell_mean,0.0,4,unit_current_ppo,10.003461538461538
gamma_current_ppo,2.233139291373146,n_sell_std,0.0,4,unit_current_ppo,2.233139291373146
gamma_current_ppo,7.202692307692308,n_rl_won_mean,-0.34173076923076984,4,unit_current_ppo,6.860961538461538
gamma_current_ppo,6.885776341735358,n_rl_won_std,-0.6176875152283303,4,unit_current_ppo,6.268088826507028
gamma_current_ppo,12.797307692307692,n_competitor_won_mean,0.34173076923076984,4,unit_current_ppo,13.139038461538462
gamma_current_ppo,6.885776341735358,n_competitor_won_std,-0.6176875152283303,4,unit_current_ppo,6.268088826507028
gamma_current_ppo,0.3476675852367538,market_share_std,-0.034263143911402394,4,unit_current_ppo,0.3134044413253514
