condition,entropy_grad_log_std,entropy_proxy,grad_ratio_log_std_to_actor_mean,latent_std_ask,latent_std_bid,latent_std_hedge,log_std_ask,log_std_bid,log_std_hedge,mean_abs_grad_actor_mean,mean_abs_grad_log_std,mean_grad_log_std_ask,mean_grad_log_std_bid,mean_grad_log_std_hedge,seed,step
gamma_current_ppo,-0.003,4.258150017261505,3.070852545102858,1.001389980316162,1.0000118017196655,1.0007903575897217,0.001389072509482503,1.1793031262641307e-05,0.0007900847704149783,0.019133291617229136,0.05875551726203412,-0.06622868031263351,0.006036815233528614,-0.016348030418157578,0,1024
gamma_current_ppo,-0.003,4.25916211605072,1.7586388873391088,1.0015960931777954,0.9998452067375183,1.0009338855743408,0.0015948633663356304,-0.00015482415619771928,0.0009334320202469826,0.03247025611311506,0.057103455084143204,0.036198802292346954,0.02171097882091999,-0.03553050383925438,0,2048
gamma_current_ppo,-0.003,4.259149372577667,2.2038838884297993,1.0007004737854004,0.9998885989189148,1.001299500465393,0.0007002823986113071,-0.00011142317089252174,0.001298599992878735,0.028751701398374546,0.06336541147902608,0.05224044993519783,-0.004310327116400003,-0.005985789000988007,0,3072
gamma_current_ppo,-0.003,4.2575806975364685,2.5046176749263043,0.9984285235404968,1.0005983114242554,1.0002834796905518,-0.0015727209392935038,0.0005981365102343261,0.00028343123267404735,0.028587185978966773,0.07159997128183022,0.09794994443655014,-0.014947159215807915,0.03460734337568283,0,4096
gamma_current_ppo,-0.003,4.255605304241181,2.221653436844917,0.9978620409965515,1.000793695449829,0.9999041557312012,-0.002140240278095007,0.0007933617453090847,-9.583587234374136e-05,0.03310604048868697,0.07355014863424003,0.029509231448173523,-0.013594691641628742,0.022354155778884888,0,5120
gamma_current_ppo,-0.003,4.255226528644561,2.0555733866860906,0.9979068636894226,1.0006910562515259,0.9996451735496521,-0.0020953360944986343,0.0006908115465193987,-0.00035488759749569,0.041074558500872126,0.08443176932632923,-0.0576627179980278,0.05223984271287918,0.0838097482919693,0,6144
gamma_current_ppo,-0.003,4.255108165740967,1.9552491039605344,0.9979462027549744,1.000539779663086,0.999975323677063,-0.0020559043623507023,0.0005396648775786161,-2.466262594680302e-05,0.02936300196480755,0.05741198328323662,-0.0028988553676754236,0.00703318789601326,-0.03610401973128319,0,7168
gamma_current_ppo,-0.003,4.255314826965332,2.884988020667177,1.0007596015930176,1.0000776052474976,0.997830867767334,0.0007592557230964303,7.760377047816291e-05,-0.0021715122275054455,0.02451201056283639,0.07071685683913528,-0.07046903669834137,-0.00346949091181159,0.06355968117713928,0,8192
gamma_current_ppo,-0.003,4.255727553367615,2.4161394972566272,1.000529408454895,1.0023167133331299,0.9962694048881531,0.000529253447894007,0.0023140667472034693,-0.003737585386261344,0.03200925040214616,0.07733881417661906,0.038919415324926376,-0.0661645382642746,0.0636281967163086,0,9216
gamma_current_ppo,-0.003,4.256127905845642,1.8999062733007834,1.0001575946807861,1.0032378435134888,0.9960310459136963,0.00015761330723762512,0.0032326001673936844,-0.003976843785494566,0.034335456462154204,0.0652341491309926,-0.05627675727009773,-0.03051082231104374,-0.02751929499208927,0,10240
gamma_current_ppo,-0.003,4.256190133094788,4.071071633281548,1.0000814199447632,1.0032684803009033,0.9959427118301392,8.140947466017678e-05,0.003263121237978339,-0.004065567161887884,0.01718442852846824,0.06995903952047229,0.04331023991107941,-0.0008585707983002067,0.06029149889945984,0,11264
gamma_current_ppo,-0.003,4.25599330663681,1.557435663695211,0.9999920725822449,1.0032044649124146,0.9958903193473816,-7.9191822806024e-06,0.0031993656884878874,-0.0041181365959346294,0.03303050388824848,0.05144288474693894,0.03538259118795395,0.024015579372644424,0.01962405815720558,0,12288
gamma_current_ppo,-0.003,4.255876314640045,2.2305483528507737,0.9998887181282043,1.0033345222473145,0.9958645701408386,-0.00011131678911624476,0.0033289401326328516,-0.004143998492509127,0.027984427408727152,0.06242061846423894,0.03151111304759979,-0.046299196779727936,0.008510847575962543,0,13312
gamma_current_ppo,-0.003,4.2559166073799135,1.9738794175881924,0.9998730421066284,1.0033740997314453,0.9958916306495667,-0.00012697458441834897,0.0033684324007481337,-0.004116815514862537,0.033880573333193935,0.06687616636045277,-0.001406152150593698,-0.00124957668595016,-0.03069920279085636,0,14336
gamma_current_ppo,-0.003,4.255943751335144,1.7746274665064565,0.9998650550842285,1.0034228563308716,0.9958540201187134,-0.00013495449093170464,0.0034169666469097137,-0.0041546267457306385,0.03519560364310553,0.06245908492710441,0.0025959941558539867,-0.036385297775268555,0.0512816421687603,0,15360
gamma_current_ppo,-0.003,4.256027805805206,2.5078870086320832,0.9999622106552124,1.0035566091537476,0.9958164095878601,-3.779970938921906e-05,0.003550261724740267,-0.004192371387034655,0.031583331468673335,0.0792074266821146,-0.05929533392190933,-0.06323687732219696,0.020634224638342857,0,16384
gamma_current_ppo,-0.003,4.256212258338929,2.113826185720666,1.0000102519989014,1.0037178993225098,0.9957531094551086,1.0252214451611508e-05,0.003711029188707471,-0.00425591180101037,0.032804216931051004,0.06934241275303066,-0.01173924095928669,-0.057511698454618454,0.03345954045653343,0,17408
gamma_current_ppo,-0.003,4.25629575252533,1.2119430007043273,1.0000450611114502,1.0037286281585693,0.9957094192504883,4.508000711211935e-05,0.0037217135541141033,-0.0042998334392905235,0.046290077357015416,0.05610093525610864,-0.012455744668841362,0.009148119017481804,0.012461676262319088,0,18432
gamma_current_ppo,-0.003,4.256288743019104,1.779886343115399,1.0000190734863281,1.003788709640503,0.9957075715065002,1.9053108189837076e-05,0.003781580599024892,-0.004301683511584997,0.0445270344976157,0.07925306060351431,0.044981952756643295,-0.0872601792216301,-0.01050580944865942,0,19456
gamma_current_ppo,-0.003,4.256358397006989,1.430645131839824,0.9999676942825317,1.0039024353027344,0.9957400560379028,-3.231496884836815e-05,0.0038948566652834415,-0.004269026219844818,0.043008954468728,0.061530551337637004,0.027129599824547768,-0.05200934410095215,-0.025725457817316055,0,20480
gamma_current_ppo,-0.003,4.256021177768707,2.808914993905179,0.9996440410614014,0.9991495013237,0.9994133114814758,-0.00035603257128968835,-0.0008508446044288576,-0.0005868774023838341,0.02171365459227328,0.06099180995952338,0.02448757365345955,0.0314885750412941,0.01691148430109024,1,1024
gamma_current_ppo,-0.003,4.254204213619232,2.5423543001098117,0.997694730758667,0.9988320469856262,0.9999268651008606,-0.0023079172242432833,-0.0011686518555507064,-7.311481022043154e-05,0.024162172353868742,0.061428802786394954,0.05812182277441025,0.006320729851722717,-0.014787107706069946,1,2048
gamma_current_ppo,-0.003,4.252780914306641,1.8607070401836294,0.9972083568572998,0.9986685514450073,0.9999300241470337,-0.00279556168243289,-0.0013323485618457198,-6.998801836743951e-05,0.0334096128313081,0.062165501806885,-0.016103947535157204,0.04907640442252159,-0.0289378073066473,1,3072
gamma_current_ppo,-0.003,4.252178072929382,2.672007010971618,0.9968761205673218,0.9982412457466125,0.9996025562286377,-0.0031287665478885174,-0.0017603004816919565,-0.000397545809391886,0.027662665099171313,0.07391483508981764,0.0653657466173172,0.04510987922549248,0.04946853220462799,1,4096
gamma_current_ppo,-0.003,4.251279079914093,1.8974889456427255,0.9967807531356812,0.9981178641319275,0.9994935989379883,-0.003224430838599801,-0.0018839080585166812,-0.0005065420409664512,0.033781643652619285,0.06410029539838433,-0.012443636544048786,-0.020246991887688637,0.03929811716079712,1,5120
gamma_current_ppo,-0.003,4.250967347621918,1.462874470397808,0.9966773986816406,0.9977341890335083,0.9993830919265747,-0.003328135469928384,-0.002268367912620306,-0.0006170825799927115,0.04106353954659671,0.06007080366834998,0.030334508046507835,0.04791075736284256,0.021911736577749252,1,6144
gamma_current_ppo,-0.003,4.250450158119202,1.9819680902391301,0.9966065287590027,0.9975818395614624,0.9993889927864075,-0.003399268724024296,-0.002421064069494605,-0.0006111884722486138,0.03951905443883911,0.07832550485618413,0.051681894809007645,0.06285709887742996,-0.06154885143041611,1,7168
gamma_current_ppo,-0.003,4.250315725803375,2.1017028850021067,0.9965210556983948,0.9975888133049011,0.9993098974227905,-0.003485029796138406,-0.0024140910245478153,-0.0006903295288793743,0.037942335563295085,0.07974351611919701,0.06531567871570587,-0.011247478425502777,0.05888459086418152,1,8192
gamma_current_ppo,-0.003,4.250177419185638,1.808963295289079,0.9964672327041626,0.9975751638412476,0.9992917776107788,-0.003539036028087139,-0.0024277798365801573,-0.0007084632525220513,0.03367964138389214,0.06092523506376892,0.04352863132953644,0.020420551300048828,-0.012276360765099525,1,9216
gamma_current_ppo,-0.003,4.25012240409851,2.1204000064891355,0.9964514970779419,0.9975492358207703,0.9993016123771667,-0.003554843133315444,-0.002453761175274849,-0.0006986403022892773,0.03125828831286282,0.06628007474355399,0.019970398396253586,0.040048032999038696,-0.020266970619559288,1,10240
gamma_current_ppo,-0.003,4.250086736679077,2.3986586820617752,0.9964239597320557,0.9975783824920654,0.9992530941963196,-0.0035824624355882406,-0.002424581442028284,-0.0007471794378943741,0.029568194867330384,0.0709240073338151,0.04946497082710266,-0.03503410518169403,0.07367971539497375,1,11264
gamma_current_ppo,-0.003,4.250021374225616,1.9652465008156492,0.9937168955802917,0.9971621632575989,1.001522421836853,-0.006302936002612114,-0.0028418591246008873,0.0015213142614811659,0.037702460319344946,0.07409462821669877,0.08364357799291611,0.0022373695392161608,-0.05328024551272392,1,12288
gamma_current_ppo,-0.003,4.248822546005249,1.7125172794816004,0.9931291341781616,0.9968039989471436,1.0019307136535645,-0.006894590333104134,-0.003201110754162073,0.0019288251642137766,0.04921990428349406,0.08428993658162653,-0.037903424352407455,0.0904894769191742,0.06818677484989166,1,13312
gamma_current_ppo,-0.003,4.248599088191986,1.453711251473525,0.9930713772773743,0.996863842010498,1.0018455982208252,-0.0069527095183730125,-0.003141057677567005,0.0018439508276060224,0.04281340728401558,0.06223833188414574,0.03755367174744606,-0.04788098856806755,0.03549984470009804,1,14336
gamma_current_ppo,-0.003,4.248598718643189,1.654302020057006,0.993087112903595,0.9969057440757751,1.0018761157989502,-0.006936900783330202,-0.003099074587225914,0.001874348847195506,0.043704793798156207,0.07230092866811902,-0.06232091784477234,-0.0195862278342247,-0.0720481425523758,1,15360
gamma_current_ppo,-0.003,4.248670518398285,1.3202498483175948,0.9930810928344727,0.9969143867492676,1.0018893480300903,-0.006942926440387964,-0.003090391866862774,0.0018875895766541362,0.04845030395285107,0.06396650644601323,0.027083029970526695,-0.004649570677429438,0.004058525897562504,1,16384
gamma_current_ppo,-0.003,4.248665428161621,1.9360682601698183,0.9931533336639404,0.9968306422233582,1.0018903017044067,-0.006870218086987734,-0.0031743720173835754,0.001888574450276792,0.04284304087968294,0.08294705161824822,-0.07622995227575302,0.0646618977189064,-0.0018737800419330597,1,17408
gamma_current_ppo,-0.003,4.248664104938507,1.4112404452399196,0.993175208568573,0.9968164563179016,1.0018973350524902,-0.006848163902759552,-0.003188634989783168,0.0018955516861751676,0.04079038370062443,0.057565039256587625,-0.0015256933402270079,-0.0069634877145290375,-0.0044988966546952724,1,18432
gamma_current_ppo,-0.003,4.248696649074555,1.7400637846329714,0.9932026863098145,0.9968557953834534,1.001875638961792,-0.006820530630648136,-0.00314917485229671,0.0018738926155492663,0.03917292812929746,0.06816339357756078,-0.0417741984128952,-0.04524962976574898,0.032504864037036896,1,19456
gamma_current_ppo,-0.003,4.2484543800354,2.314497216229356,0.993374764919281,0.9963412880897522,1.0015902519226074,-0.0066473050974309444,-0.0036654253490269184,0.001589043764397502,0.03313339608691236,0.07668715300969779,-0.03304219990968704,0.0834638923406601,0.040422216057777405,1,20480
gamma_current_ppo,-0.003,4.256946754455567,2.749478803104185,1.001419186592102,0.9984329342842102,1.0003243684768677,0.0014181251171976328,-0.0015682886587455869,0.0003243287792429328,0.035301510655549484,0.0970607552677393,-0.08474921435117722,0.1244615688920021,-0.004614985082298517,2,1024
gamma_current_ppo,-0.003,4.256366765499115,2.2424148725221014,1.000559687614441,0.9983049035072327,0.9998219609260559,0.0005594882532022893,-0.001696559484116733,-0.00017805545940063894,0.029805502503380744,0.06683630209881812,0.07924599945545197,-0.02024882473051548,0.026670267805457115,2,2048
gamma_current_ppo,-0.003,4.254121387004853,1.8936220263946328,0.998752772808075,0.999111533164978,0.998173177242279,-0.0012480043806135654,-0.0008888866286724806,-0.001828519394621253,0.027803751454240466,0.05264979617204517,0.02781345508992672,-0.009860144928097725,0.03468126431107521,2,3072
gamma_current_ppo,-0.003,4.252455258369446,1.7860400102372076,0.9984301328659058,0.9992404580116272,0.9978399872779846,-0.0015711268642917275,-0.0007598190568387508,-0.002162330085411668,0.03114731053969111,0.055630342836957426,-0.015432635322213173,0.026960838586091995,-0.02941640093922615,2,4096
gamma_current_ppo,-0.003,4.25251978635788,2.9248632043050216,0.9986647367477417,0.9992639422416687,0.9980457425117493,-0.0013361315941438079,-0.0007363457116298378,-0.0019561718218028545,0.024324658034482898,0.0711462972452864,-0.07218190282583237,-0.009590495377779007,-0.05792815238237381,2,5120
gamma_current_ppo,-0.003,4.25291793346405,3.001111685552385,0.99878990650177,0.9992523193359375,0.9980958104133606,-0.001210804213769734,-0.0007479810155928135,-0.0019060291815549135,0.02111881887177839,0.06337993410415947,-0.01059664785861969,0.0069558704271912575,-0.0009291482856497169,2,6144
gamma_current_ppo,-0.003,4.252853357791901,3.304254256193455,0.9987213611602783,0.9991065263748169,0.9981840252876282,-0.0012794728390872478,-0.0008938702521845698,-0.0018176079029217362,0.020507082329572563,0.06776061407290399,0.02155081368982792,0.013021476566791534,-0.027784738689661026,2,7168
gamma_current_ppo,-0.003,4.252809369564057,1.983601842962442,0.9986193776130676,0.9992090463638306,0.9981436133384705,-0.0013815752463415265,-0.000791261438280344,-0.001858111354522407,0.029701853921122356,0.05891665217932314,0.028583329170942307,-0.01811501756310463,0.02721182070672512,2,8192
gamma_current_ppo,-0.003,4.2530757188797,2.3930105828695547,0.9988378882408142,0.9999085068702698,0.997895359992981,-0.0011628031497821212,-9.1484202130232e-05,-0.002106867730617523,0.03060211551945835,0.07323118629865348,-0.035842083394527435,-0.07837618142366409,0.045385830104351044,2,9216
gamma_current_ppo,-0.003,4.2562508344650265,1.657022238294523,0.999351978302002,1.0026744604110718,1.0000256299972534,-0.0006482498138211668,0.0026709469966590405,2.5637134967837483e-05,0.038001790656992045,0.06296981221530587,-0.016852742061018944,-0.03659035637974739,-0.03804771974682808,2,10240
gamma_current_ppo,-0.003,4.259369683265686,1.6898980083189632,0.9992747902870178,1.0030555725097656,1.0003411769866943,-0.0007254454540088773,0.0030509354546666145,0.0003411622019484639,0.04235518293336865,0.07157593928277492,0.0463576503098011,0.035464223474264145,0.030634215101599693,2,11264
gamma_current_ppo,-0.003,4.259443700313568,2.1265471277607277,0.9991664290428162,1.0029020309448242,1.000518798828125,-0.000833893078379333,0.0028978402260690928,0.00051865354180336,0.045883683837471885,0.0975738160777837,0.047887783497571945,0.08990059792995453,-0.10960792005062103,2,12288
gamma_current_ppo,-0.003,4.25937123298645,1.5668056365902727,0.9990819096565247,1.002854824066162,1.000596046447754,-0.000918507226742804,0.0028507732786238194,0.000595832010731101,0.05153701992780357,0.08074849331751466,0.09144160896539688,0.011736835353076458,-0.0495583638548851,2,13312
gamma_current_ppo,-0.003,4.25933427810669,1.1599141126896864,0.9990701079368591,1.0028501749038696,1.0006000995635986,-0.0009303533006459475,0.0028461108449846506,0.0005998930428177118,0.04718521957729017,0.05473080209922045,-0.007988067343831062,0.0007240934064611793,0.007741274777799845,2,14336
gamma_current_ppo,-0.003,4.259286546707154,1.507115441429722,0.9991246461868286,1.0025404691696167,1.0006933212280273,-0.000875716854352504,0.002537266118451953,0.0006931315874680877,0.045941234170912185,0.06923874341882766,-0.01101579051464796,0.07024656236171722,-0.01694619283080101,2,15360
gamma_current_ppo,-0.003,4.2590861320495605,1.325277590131988,0.9992402195930481,1.0024489164352417,1.000516653060913,-0.0007600532262586057,0.0024459450505673885,0.0005165488692000508,0.04869893979493785,0.06453961357474328,-0.03063921071588993,0.009283291175961494,0.060612596571445465,2,16384
gamma_current_ppo,-0.003,4.258870363235474,1.0740267875674452,0.9992098212242126,1.0023372173309326,1.0003067255020142,-0.0007905061938799918,0.0023344464134424925,0.0003067081852350384,0.05341507886800959,0.057369225565344094,0.017658911645412445,0.026899689808487892,0.04580904543399811,2,17408
gamma_current_ppo,-0.003,4.258529925346375,1.6389054994567072,0.9991849064826965,1.002213954925537,1.0002068281173706,-0.0008154332172125578,0.002211508806794882,0.00020675042469520122,0.04845318922231846,0.07941019828431309,-0.00024799202219583094,0.05606098100543022,0.02471989020705223,2,18432
gamma_current_ppo,-0.003,4.258399915695191,1.2272508643233795,0.999177098274231,1.0021998882293701,1.0002155303955078,-0.0008232173277065158,0.0021974758710712194,0.00021555290732067078,0.05142014892397377,0.06310542221181095,0.013187621720135212,-0.02545194700360298,-0.05660121515393257,2,19456
gamma_current_ppo,-0.003,4.25844886302948,1.514128387736027,0.9991646409034729,1.0022696256637573,1.0002604722976685,-0.0008357370388694108,0.0022670940961688757,0.00026046927087008953,0.0455045276357709,0.0688996970653534,0.009379228577017784,-0.0478350929915905,-0.02893221750855446,2,20480
gamma_current_ppo,-0.003,4.256306719779968,3.469547719606385,1.0006088018417358,0.9995907545089722,0.9988324642181396,0.0006085584755055606,-0.00040935041033662856,-0.0011682264739647508,0.017390006102727854,0.060335456021130086,-0.026467785239219666,0.01665373705327511,0.0422227717936039,3,1024
gamma_current_ppo,-0.003,4.255896973609924,2.184872356017008,1.0008219480514526,0.9993099570274353,0.9992698431015015,0.0008215538691729307,-0.0006902853492647409,-0.0007303978782147169,0.026656399566399952,0.058240830525755884,-0.004047146998345852,0.009959442541003227,-0.019915524870157242,3,2048
gamma_current_ppo,-0.003,4.254916262626648,2.493744418059302,0.9997825622558594,0.9967291355133057,0.9998475313186646,-0.0002174636028939858,-0.003276243107393384,-0.00015248933050315827,0.02837067771106282,0.0707492191810161,0.026720890775322914,0.08471019566059113,-0.009866848587989807,3,3072
gamma_current_ppo,-0.003,4.252298808097839,2.72678906093343,0.9993441700935364,0.9960932731628418,0.9995415806770325,-0.0006560198962688446,-0.003914400469511747,-0.0004585428396239877,0.029637136494066817,0.08081421959213912,0.049812182784080505,0.014629945158958435,0.07263026386499405,3,4096
gamma_current_ppo,-0.003,4.251642334461212,1.590750890737404,0.9991536140441895,0.9959886074066162,0.9995790123939514,-0.0008467294974252582,-0.004019456449896097,-0.00042108719935640693,0.03740790174082985,0.05950665301643312,0.024410400539636612,0.02490895614027977,-0.01753496378660202,3,5120
gamma_current_ppo,-0.003,4.251640641689301,1.9440441913574875,0.9992452263832092,0.996237576007843,0.9994913935661316,-0.000755057786591351,-0.003769517643377185,-0.0005087501485832036,0.03720393068405972,0.07232608534395694,-0.02413068525493145,-0.08148030191659927,0.02537446655333042,3,6144
gamma_current_ppo,-0.003,4.251604771614074,1.5247970621708322,0.9990220665931702,0.9961889386177063,0.999177873134613,-0.0009784020949155092,-0.003818314988166094,-0.0008224936900660396,0.04141182073895685,0.06314462260343134,0.034089095890522,0.030300047248601913,0.037940721958875656,3,7168
gamma_current_ppo,-0.003,4.2506539702415465,1.8238211312559298,0.9989847540855408,0.995724618434906,0.9986143708229065,-0.001015756861306727,-0.004284558817744255,-0.0013866041554138064,0.03008212502393509,0.05486441529355943,-0.0027756833005696535,0.05260895565152168,0.045580215752124786,3,8192
gamma_current_ppo,-0.003,4.247988331317901,1.8429074591978183,1.0001442432403564,0.9930040836334229,0.9954376220703125,0.00014420453226193786,-0.0070205251686275005,-0.004572792910039425,0.035347827745301964,0.0651427754200995,-0.013209221884608269,0.04989299178123474,0.0481112077832222,3,9216
gamma_current_ppo,-0.003,4.244620430469513,1.1895936928289188,1.0001671314239502,0.9927504062652588,0.9946792125701904,0.00016711364150978625,-0.007275970187038183,-0.005334985908120871,0.048981595260420896,0.058268196787685154,0.001342179486528039,-0.010640321299433708,0.04822845011949539,3,10240
gamma_current_ppo,-0.003,4.244309616088867,1.4732720710494758,1.0000885725021362,0.9926577210426331,0.9946814179420471,8.856989734340459e-05,-0.0073693422600626945,-0.005332782864570618,0.038725415786097714,0.057053073518909515,0.028211940079927444,0.029270678758621216,-0.0034786644391715527,3,11264
gamma_current_ppo,-0.003,4.244146931171417,1.5736170124405788,1.0000184774398804,0.9926325678825378,0.9947009682655334,1.8458860722603276e-05,-0.007394713349640369,-0.005313117988407612,0.03751553154336687,0.05903507866896689,0.024984488263726234,-0.0034763820003718138,-0.028952162712812424,3,12288
gamma_current_ppo,-0.003,4.244068670272827,2.1575180036053565,1.0000064373016357,0.9925652742385864,0.9946542382240295,6.463020326918922e-06,-0.007462526671588421,-0.005360088776797056,0.02943818528499894,0.06351341474801302,0.0024434663355350494,0.04481180012226105,0.0457555390894413,3,13312
gamma_current_ppo,-0.003,4.244247078895569,3.11978938871999,1.000221610069275,0.9927327632904053,0.9947769045829773,0.00022153071768116206,-0.007293779402971268,-0.005236796569079161,0.022086349080392823,0.06890475749969482,-0.021430516615509987,-0.013132776133716106,-0.0161678958684206,3,14336
gamma_current_ppo,-0.003,4.244472730159759,2.9039878587244,1.0001391172409058,0.9927358627319336,0.9946969747543335,0.0001391598634654656,-0.007290657609701157,-0.0053171431645751,0.022216793824224,0.06451729952823371,0.05283050611615181,0.020316293463110924,0.032381754368543625,3,15360
gamma_current_ppo,-0.003,4.244296157360077,4.201289603314031,0.9999707341194153,0.9928244352340698,0.9946665167808533,-2.9265238481457345e-05,-0.007201438769698143,-0.005347733851522207,0.018393668449023588,0.0772771280258894,0.05747593566775322,-0.03340722247958183,0.008740527555346489,3,16384
gamma_current_ppo,-0.003,4.2442641139030455,3.2407437589724233,0.9999427795410156,0.992920458316803,0.9946831464767456,-5.720838817069307e-05,-0.007104724179953337,-0.005331062711775303,0.021658559227857532,0.07018984064925463,-0.006256928201764822,-0.02476908639073372,-0.006726750638335943,3,17408
gamma_current_ppo,-0.003,4.244441270828247,2.807620850455597,1.000132441520691,0.9928451180458069,0.9948216080665588,0.0001324429758824408,-0.007180578075349331,-0.0051918476819992065,0.027435943102476157,0.0770297259092331,-0.049374181777238846,0.023685995489358902,-0.04359911382198334,3,18432
gamma_current_ppo,-0.003,4.244538128376007,3.186906301460284,1.0000343322753906,0.9926958680152893,0.9949166774749756,3.436810220591724e-05,-0.007330966182053089,-0.005096273962408304,0.02413252347309611,0.07690809112973511,0.05426810309290886,0.04806697741150856,-0.021496597677469254,3,19456
gamma_current_ppo,-0.003,4.244352662563324,2.332954314049315,0.9999285936355591,0.9927306771278381,0.9948589205741882,-7.137947250157595e-05,-0.007295875810086727,-0.0051543135195970535,0.02750785605113436,0.06417457144707442,0.013842260465025902,-0.014615075662732124,0.02436903491616249,3,20480
gamma_current_ppo,-0.003,4.257404887676239,2.112422410199131,1.0010616779327393,1.0001881122589111,1.0000537633895874,0.0010610859608277678,0.00018806554726324975,5.3731979278381914e-05,0.02881156553365725,0.06086219670833089,-0.046917300671339035,-0.0031494074501097202,-0.00029158295365050435,4,1024
gamma_current_ppo,-0.003,4.2567139029502865,2.48988222703417,0.9999002814292908,0.9999673962593079,0.9981966614723206,-9.97299503069371e-05,-3.262816244387068e-05,-0.0018049904610961676,0.02911631007849127,0.07249618298374116,0.03982185199856758,-0.0071477205492556095,0.08472983539104462,4,2048
gamma_current_ppo,-0.003,4.254276394844055,2.153034404688951,0.9996084570884705,0.9999359846115112,0.9977802634239197,-0.00039160746382549405,-6.401985592674464e-05,-0.00222222413867712,0.02954349186477987,0.06360815442167222,-0.030694235116243362,-0.045155130326747894,-0.024611249566078186,4,3072
gamma_current_ppo,-0.003,4.254155087471008,2.4973949825446846,0.9996718764305115,0.9998493790626526,0.9978011250495911,-0.0003281651297584176,-0.00015063624596223235,-0.0022013173438608646,0.029113519170602974,0.07270795670337975,-0.00998016819357872,0.0459454171359539,-0.014363845810294151,4,4096
gamma_current_ppo,-0.003,4.253943979740143,1.9989216715190556,0.9993564486503601,0.9996321201324463,0.997852087020874,-0.0006437666597776115,-0.0003679666842799634,-0.002150234067812562,0.034470568770293905,0.06890396694652737,0.0794578343629837,0.05802253633737564,-0.016632702201604843,4,5120
gamma_current_ppo,-0.003,4.253702282905579,1.4171929200055353,0.9999088644981384,0.9994531273841858,0.9975898265838623,-9.112581756198779e-05,-0.000547039438970387,-0.002413068665191531,0.03798846175450826,0.053836979041807356,-0.021927429363131523,-0.005075357388705015,0.03393425792455673,4,6144
gamma_current_ppo,-0.003,4.253261065483093,1.6104719700944927,1.0011022090911865,0.9972885251045227,0.9971175193786621,0.0011015951167792082,-0.0027151787653565407,-0.0028866406064480543,0.041888273118218425,0.06745988973416388,-0.02469727396965027,0.07328908145427704,0.029828589409589767,4,7168
gamma_current_ppo,-0.003,4.2520035862922665,1.6568121399037643,1.0014158487319946,0.9967460632324219,0.996921718120575,0.0014148250920698047,-0.003259252058342099,-0.0030830018222332,0.04139286177136226,0.06858019588980824,0.04301082715392113,0.03884599357843399,0.020882640033960342,4,8192
gamma_current_ppo,-0.003,4.251872670650482,1.107188490464148,1.001413106918335,0.9967337846755981,0.9969142079353333,0.0014120589476078749,-0.0032715373672544956,-0.0030905394814908504,0.048580973224059694,0.05378829441033304,0.007918975315988064,-0.0017222242895513773,0.011428864672780037,4,9216
gamma_current_ppo,-0.003,4.251837849617004,1.9753966782496253,1.0013726949691772,0.9966869950294495,0.9969337582588196,0.0013717373367398977,-0.0033184976782649755,-0.0030709633138030767,0.043082967126348216,0.08510595015250147,0.06755073368549347,0.0834907814860344,-0.048236481845378876,4,10240
gamma_current_ppo,-0.003,4.251771712303162,1.452671806736206,1.0013847351074219,0.9966561794281006,0.9969037175178528,0.0013837233418598771,-0.003349397564306855,-0.00310110067948699,0.044968406769571444,0.06532433670945466,-0.015689793974161148,0.011733649298548698,0.03057125210762024,4,11264
gamma_current_ppo,-0.003,4.251708340644837,1.581352514507603,1.0006389617919922,0.995578944683075,0.9985506534576416,0.000638760975562036,-0.004430884961038828,-0.0014504207065328956,0.043686582724625375,0.0690838874434121,0.012450234964489937,0.015355488285422325,-0.055848926305770874,4,12288
gamma_current_ppo,-0.003,4.251714706420898,1.5662014428821531,1.0002566576004028,0.9953922033309937,0.999301016330719,0.0002565761678852141,-0.004618457052856684,-0.0006992155103944242,0.05182717504093348,0.08117179633118213,0.02937682531774044,0.06140321493148804,-0.10501158237457275,4,13312
gamma_current_ppo,-0.003,4.251749670505523,2.225406764775382,1.0002284049987793,0.9953677654266357,0.9993492364883423,0.00022840093879494816,-0.004642968066036701,-0.0006509857485070825,0.03432039619718187,0.07637684186920524,-0.023382406681776047,0.016503162682056427,0.004608073737472296,4,14336
gamma_current_ppo,-0.003,4.251742684841156,1.436424376752868,1.0002250671386719,0.9953610301017761,0.9993403553962708,0.0002249877288704738,-0.004649782553315163,-0.0006598696927540004,0.043607877342612636,0.06263941803481429,0.015316428616642952,0.03680824115872383,0.05141812562942505,4,15360
gamma_current_ppo,-0.003,4.25174640417099,1.7846186158382251,1.0002280473709106,0.9953420162200928,0.9993991255760193,0.00022801168961450458,-0.004668844863772392,-0.0006010817596688867,0.05199488702504358,0.09279104331508278,-0.006776890251785517,0.04891514033079147,-0.14034265279769897,4,16384
gamma_current_ppo,-0.003,4.249824142456054,1.4965440957855964,0.9973450303077698,0.9945741295814514,0.998094379901886,-0.0026585289742797613,-0.0054406351409852505,-0.0019074107985943556,0.05086767037088673,0.076125711761415,0.0727454423904419,0.02139052376151085,0.01736362837255001,4,17408
gamma_current_ppo,-0.003,4.24594624042511,1.427824348908782,0.9965770244598389,0.9943556785583496,0.9979724884033203,-0.0034288428723812103,-0.005660320166498423,-0.002029593801125884,0.04712989353997592,0.06729320955928415,-0.03050924837589264,-0.026670515537261963,0.06137547641992569,4,18432
gamma_current_ppo,-0.003,4.245706164836884,1.4344548377139894,0.9966943264007568,0.994296669960022,0.9979420900344849,-0.003311135806143284,-0.005719680804759264,-0.002060048980638385,0.04113214324480925,0.059002201864495875,-0.029994523152709007,0.019061435014009476,0.0016362920869141817,4,19456
gamma_current_ppo,-0.003,4.245742630958557,1.4974897966211191,0.9967319369316101,0.9942916631698608,0.9979423880577087,-0.003273439360782504,-0.005724663846194744,-0.0020597034599632025,0.04193293001121043,0.06279413483571261,-0.03916984051465988,-0.037283871322870255,0.009743308648467064,4,20480
unit_current_ppo,-0.003,4.2577994704246525,3.4659452852399237,1.0015270709991455,0.9994147419929504,1.0008139610290527,0.0015259191859513521,-0.0005854222690686584,0.000813603401184082,0.017201516674964383,0.05961951562203467,-0.06850727647542953,0.016246771439909935,-0.02007094956934452,0,1024
unit_current_ppo,-0.003,4.258787262439728,1.6336570741150107,1.0018234252929688,0.9992833137512207,1.00094473361969,0.0018217168981209397,-0.0007169675664044917,0.000944335013628006,0.03223138328040098,0.052655027306173,0.027069002389907837,0.003920138347893953,-0.03416381776332855,0,2048
unit_current_ppo,-0.003,4.258919036388397,1.9454763074522021,1.0016814470291138,0.9991475343704224,1.0012491941452026,0.0016800641315057874,-0.0008528539910912514,0.0012484631733968854,0.029486439849978407,0.05736517012119293,0.02233378030359745,0.017381718382239342,-0.03349390998482704,0,3072
unit_current_ppo,-0.003,4.25711909532547,3.042901991534728,0.9991728067398071,0.9999123215675354,0.9993281364440918,-0.0008275197469629347,-8.767495455686003e-05,-0.0006721154204569757,0.022289995640279524,0.06782627212814987,0.0822712630033493,-0.01771688088774681,0.037399955093860626,0,4096
unit_current_ppo,-0.003,4.254596531391144,2.3772445034490812,0.9985030889511108,1.0002127885818481,0.9988394379615784,-0.001498022465966642,0.00021273395395837724,-0.0011612165253609419,0.028709462049493296,0.06824941085651517,0.03099999949336052,0.002699073404073715,-0.0008812809246592224,0,5120
unit_current_ppo,-0.003,4.254339790344238,2.6687439427215054,0.9985309839248657,1.0002089738845825,0.9987528920173645,-0.0014700922183692455,0.0002090089546982199,-0.001247876905836165,0.030505291647223414,0.08141081230714917,-0.05441467836499214,0.010066409595310688,0.07979766279459,0,6144
unit_current_ppo,-0.003,4.254320216178894,2.4278467548970157,0.9985547065734863,1.0002130270004272,0.9987838268280029,-0.0014463183470070362,0.00021297296916600317,-0.0012169197434559464,0.024286217606069593,0.05896321460604668,-0.013277053833007812,-0.006772074848413467,-0.04710495099425316,0,7168
unit_current_ppo,-0.003,4.254977262020111,5.593699303781591,1.0000516176223755,1.0009828805923462,0.998073399066925,5.1627350330818444e-05,0.0009824164444580674,-0.0019284469308331609,0.011274358927333866,0.06306537368800491,-0.06556913256645203,-0.012060295790433884,0.03751200810074806,0,8192
unit_current_ppo,-0.003,4.256124031543732,2.5692536916983073,1.000059962272644,1.0021250247955322,0.9971105456352234,6.0011476307408884e-05,0.0021227311808615923,-0.002893627155572176,0.02895237668338878,0.07438600067980587,0.05750935152173042,-0.055569011718034744,0.06588748097419739,0,9216
unit_current_ppo,-0.003,4.2561097025871275,1.8712284654055658,1.0000708103179932,1.0023925304412842,0.996924638748169,7.077721238601953e-05,0.002389624947682023,-0.0030800902750343084,0.03664807881060722,0.068576928274706,-0.07692419737577438,-0.02846047282218933,-0.009051329456269741,0,10240
unit_current_ppo,-0.003,4.256181991100311,1.7872198971333455,1.0001258850097656,1.0023460388183594,0.9968287944793701,0.00012583041097968817,0.0023433363530784845,-0.0031762265134602785,0.04005366582816029,0.07158470852300525,-0.018060550093650818,0.03552096337080002,0.06979990750551224,0,11264
unit_current_ppo,-0.003,4.256069564819336,1.1608650095598327,1.0001435279846191,1.002299427986145,0.9967995285987854,0.0001435139711247757,0.0022968279663473368,-0.0032056106720119715,0.04532215054909156,0.05261289873160422,-0.012962887063622475,0.01572979986667633,-0.0023637774866074324,0,12288
unit_current_ppo,-0.003,4.2552707433700565,1.5059020635075406,0.9993457198143005,1.001994013786316,0.9952473640441895,-0.0006544734351336956,0.0019920573104172945,-0.004763975273817778,0.04013041292695298,0.060432471637614074,0.007840614765882492,0.000910698261577636,0.046917255967855453,0,13312
unit_current_ppo,-0.003,4.252618849277496,1.117675283683572,0.9992542266845703,1.001771330833435,0.9945579767227173,-0.0007460217457264662,0.0017697334988042712,-0.005456870887428522,0.052927893080691846,0.05915619791485369,-0.0016770183574408293,-0.009817219339311123,0.003992821089923382,0,14336
unit_current_ppo,-0.003,4.252363181114196,1.8375233888184397,0.9992915987968445,1.0017552375793457,0.9944894313812256,-0.0007086524274200201,0.001753680408000946,-0.005525822751224041,0.0341265573509366,0.06270834731403738,-0.011417197063565254,0.017413269728422165,0.034523941576480865,0,15360
unit_current_ppo,-0.003,4.252423250675202,1.7748300780040178,0.9994124174118042,1.0018843412399292,0.9944553375244141,-0.0005877703661099076,0.0018825758015736938,-0.005560103803873062,0.048876301526791385,0.08674713005311788,-0.052504222840070724,-0.07633886486291885,0.014071924611926079,0,16384
unit_current_ppo,-0.003,4.252574491500854,1.4090579054417447,0.9994778037071228,1.0019176006317139,0.9943755865097046,-0.0005223087500780821,0.0019157427595928311,-0.005640312097966671,0.045661127715143246,0.0643391729798168,-0.014302419498562813,-0.004932687617838383,0.04526897519826889,0,17408
unit_current_ppo,-0.003,4.252578270435333,1.2308674403006474,0.9995185136795044,1.001905918121338,0.9943775534629822,-0.0004816284344997257,0.00190404721070081,-0.005638316739350557,0.04965137625016494,0.06111426239367575,-0.025185897946357727,0.01407268363982439,-0.026842931285500526,0,18432
unit_current_ppo,-0.003,4.252626073360443,2.0125370279166397,0.9995004534721375,1.0019699335098267,0.9943876266479492,-0.0004996447241865098,0.0019679535180330276,-0.005628177430480719,0.041060041273121475,0.08263485343195498,0.024738026782870293,-0.08597590029239655,-0.0076412842608988285,0,19456
unit_current_ppo,-0.003,4.252679646015167,1.7208876749958328,0.9995032548904419,1.002048134803772,0.9943544268608093,-0.0004968638531863689,0.0020460644736886024,-0.005661544855684042,0.03623427343367564,0.06235511456616223,-0.006963261868804693,-0.04646201431751251,0.027575209736824036,0,20480
unit_current_ppo,-0.003,4.255915129184723,2.71465340914148,0.99957674741745,0.9991089105606079,0.999359130859375,-0.0004233183863107115,-0.0008915002690628171,-0.0006410811329260468,0.021793855011376193,0.05916276280768216,0.02976319193840027,0.03167905658483505,0.01711510866880417,1,1024
unit_current_ppo,-0.003,4.254049050807953,2.646128397899459,0.997814416885376,0.9981980323791504,1.0002694129943848,-0.0021879838313907385,-0.0018035960383713245,0.00026935074129141867,0.02423723940888538,0.06413484748918563,0.06525174528360367,0.025841524824500084,-0.016996312886476517,1,2048
unit_current_ppo,-0.003,4.252689409255981,2.0068298592875373,0.9974709749221802,0.9978519082069397,1.0004671812057495,-0.002532228594645858,-0.0021504093892872334,0.00046705067506991327,0.03290297600444305,0.0660306747071445,-0.01894068531692028,0.019206441938877106,-0.0412154346704483,1,3072
unit_current_ppo,-0.003,4.252526295185089,1.8365423057274288,0.997412919998169,0.9977168440818787,1.0004523992538452,-0.0025904353242367506,-0.0022857794538140297,0.00045234718709252775,0.03869622594117635,0.0710672560147941,0.0632304847240448,0.033736392855644226,0.044081829488277435,1,4096
unit_current_ppo,-0.003,4.252335846424103,1.6949481543497114,0.9973907470703125,0.997692346572876,1.0004209280014038,-0.002612688345834613,-0.0023102969862520695,0.0004207852471154183,0.039139494249638265,0.06633941354230047,-0.014886165969073772,0.002574595622718334,0.052748821675777435,1,5120
unit_current_ppo,-0.003,4.251993107795715,1.7499760382245146,0.9972152709960938,0.9972429871559143,1.0001622438430786,-0.002788614947348833,-0.002760811010375619,0.00016221002442762256,0.03755347542597607,0.06571768214926124,0.03539528697729111,0.051489003002643585,0.0589178204536438,1,6144
unit_current_ppo,-0.003,4.251188707351685,1.7283120805361813,0.9971186518669128,0.9971083402633667,1.0000590085983276,-0.0028855351265519857,-0.0028958574403077364,5.905596481170505e-05,0.03481808502768226,0.060176516976207496,0.02045312523841858,0.061893098056316376,-0.009188259020447731,1,7168
unit_current_ppo,-0.003,4.250932967662811,2.1287301243403562,0.9969812035560608,0.9970112442970276,0.9999067783355713,-0.0030233836732804775,-0.002993253758177161,-9.321115794591606e-05,0.04489631046747593,0.09557212856598199,0.07560648024082184,0.025757569819688797,0.08476410061120987,1,8192
unit_current_ppo,-0.003,4.250619399547577,1.1783086555608389,0.9969344139099121,0.9969764947891235,0.9998695254325867,-0.0030702855437994003,-0.0030280728824436665,-0.00013048310938756913,0.051799791876888615,0.06103614312596619,0.014041702263057232,0.016493314877152443,-0.012988639064133167,1,9216
unit_current_ppo,-0.003,4.250580894947052,1.3655952590631601,0.9969292283058167,0.9969689846038818,0.999871551990509,-0.0030755074694752693,-0.003035646630451083,-0.00012848300684709102,0.05081199343689511,0.06938861734233796,0.014111687429249287,0.015896936878561974,-0.007371471729129553,1,10240
unit_current_ppo,-0.003,4.250562083721161,2.035925890236452,0.9968970417976379,0.9969885349273682,0.9998531341552734,-0.003107766155153513,-0.003015979425981641,-0.0001468786649638787,0.03470246551906263,0.07065164800733328,0.06275058537721634,-0.02513926289975643,0.038288913667201996,1,11264
unit_current_ppo,-0.003,4.25054920911789,1.6596826440194863,0.9967223405838013,0.9971378445625305,0.9998946189880371,-0.0032830573618412018,-0.002866268390789628,-0.00010541379015194252,0.041952544148412235,0.06962790939724073,0.08005715161561966,-0.03918858617544174,-0.021281976252794266,1,12288
unit_current_ppo,-0.003,4.250408709049225,1.6908485796390806,0.9966655969619751,0.9969608783721924,0.9997327327728271,-0.0033399509266018867,-0.003043732838705182,-0.0002672759292181581,0.051604831775580326,0.08725595651194454,0.00515779759734869,0.0805070772767067,0.10652592033147812,1,13312
unit_current_ppo,-0.003,4.250041449069977,1.4461181354258843,0.9964415431022644,0.9970740675926208,0.9996230006217957,-0.0035648096818476915,-0.0029302474576979876,-0.0003770483599510044,0.0472220163684865,0.0682886142632924,0.0663902685046196,-0.0313684418797493,0.0135200722143054,1,14336
unit_current_ppo,-0.003,4.249961531162262,1.5534731599309524,0.9964148998260498,0.9971253275871277,0.9996854066848755,-0.0035915416665375233,-0.0028787958435714245,-0.00031465140637010336,0.04585279519530799,0.07123108664527536,-0.05007784813642502,-0.010268688201904297,-0.07119076699018478,1,15360
unit_current_ppo,-0.003,4.25002965927124,1.3044240116463146,0.9963757395744324,0.9971051216125488,0.9997060298919678,-0.003630830906331539,-0.002899085870012641,-0.00029399272170849144,0.04809712743176444,0.0627390479145106,0.041181452572345734,0.01347495149821043,0.002760979812592268,1,16384
unit_current_ppo,-0.003,4.249969959259033,1.6909380569255523,0.9964697957038879,0.9969732165336609,0.9997100830078125,-0.00353647256270051,-0.003031364642083645,-0.00028996841865591705,0.04798216314215682,0.08113486571237445,-0.06945782899856567,0.048066139221191406,-0.003403222654014826,1,17408
unit_current_ppo,-0.003,4.249986827373505,1.334549029136842,0.996489942073822,0.9969622492790222,0.9997496604919434,-0.0035162498243153095,-0.0030423502903431654,-0.0002503924770280719,0.04068390767346106,0.05429466948844493,0.0011052156332880259,-0.00384758273139596,-0.009649084880948067,1,18432
unit_current_ppo,-0.003,4.250025033950806,1.445744274586745,0.9965206980705261,0.9970067143440247,0.9997133016586304,-0.003485369263216853,-0.0029977953527122736,-0.0002867133589461446,0.0507416381015673,0.07335943276993931,-0.04203328490257263,-0.028616219758987427,0.05081319063901901,1,19456
unit_current_ppo,-0.003,4.24896913766861,1.795774005295491,0.999805212020874,0.9931630492210388,0.9983564615249634,-0.00019482972857076675,-0.006860399153083563,-0.0016449193935841322,0.042468032748565254,0.07626298926770687,-0.05156209319829941,0.0731210857629776,0.010617455467581749,1,20480
unit_current_ppo,-0.003,4.256844115257263,2.530407492149201,1.0013502836227417,0.9984538555145264,1.0000741481781006,0.0013493874575942755,-0.0015473638195544481,7.414709398290142e-05,0.036926929514351434,0.09344017910771071,-0.06942509114742279,0.1372823268175125,0.008367855101823807,2,1024
unit_current_ppo,-0.003,4.256352353096008,2.4980942169266407,0.9997857213020325,0.9993588924407959,1.000229001045227,-0.00021427866886369884,-0.0006413336377590895,0.00022892819833941758,0.025378091798566194,0.0633968643611297,0.06849860399961472,-0.04578036442399025,-0.005862574093043804,2,2048
unit_current_ppo,-0.003,4.25616317987442,1.7109525948592028,0.9993689656257629,0.9997430443763733,1.0001935958862305,-0.0006312406621873379,-0.00025698289391584694,0.00019353709649294615,0.03448283816633405,0.05899850144051015,0.005041433498263359,-0.009098535403609276,0.018913136795163155,2,3072
unit_current_ppo,-0.003,4.256219387054443,1.9443399616506256,0.9994877576828003,0.9996820092201233,1.0003776550292969,-0.0005123770679347217,-0.0003180480853188783,0.00037755409721285105,0.029059077751727343,0.05650072612334043,-0.040002334862947464,0.021837573498487473,-0.040403593331575394,2,4096
unit_current_ppo,-0.003,4.25668842792511,2.915994872226961,0.9997159838676453,0.9997903108596802,1.0006887912750244,-0.00028407678473740816,-0.00020968657918274403,0.0006885972688905895,0.02377523660766089,0.06932846803683787,-0.04591774940490723,-0.026952002197504044,-0.036733802407979965,2,5120
unit_current_ppo,-0.003,4.2571915745735165,3.366519207043667,0.9999369382858276,0.999728798866272,1.000787615776062,-6.30794238531962e-05,-0.0002712531422730535,0.000787258381024003,0.01762875293160459,0.05934753534384072,-0.020775970071554184,0.009851742535829544,-0.002489497885107994,2,6144
unit_current_ppo,-0.003,4.25730607509613,5.358321961474466,0.9999173879623413,0.9991121292114258,1.0016566514968872,-8.262355549959466e-05,-0.000888268812559545,0.0016552720917388797,0.014153693973638803,0.07584004926029593,0.007805199362337589,0.037443093955516815,-0.05991794541478157,2,7168
unit_current_ppo,-0.003,4.257508218288422,2.274993113121417,0.9998064637184143,0.9991598129272461,1.0016711950302124,-0.00019352769595570862,-0.0008405678672716022,0.001669792691245675,0.026901033358351267,0.061199665628373624,0.007282556500285864,-0.015199531801044941,0.03307080268859863,2,8192
unit_current_ppo,-0.003,4.257916331291199,2.0968508721803203,1.0002210140228271,1.0001991987228394,1.0013376474380493,0.00022093010193202645,0.00019912913558073342,0.0013367540668696165,0.031649792314496196,0.0663648946210742,-0.0340423509478569,-0.07059284299612045,0.020008524879813194,2,9216
unit_current_ppo,-0.003,4.259522414207458,1.7475709651531979,1.0005542039871216,1.0012067556381226,1.002173662185669,0.0005540281417779624,0.0012059848522767425,0.0021712735760957003,0.03505897996832415,0.061268055462278426,-0.01591426320374012,-0.037333544343709946,-0.04212446138262749,2,10240
unit_current_ppo,-0.003,4.260979199409485,1.7506585187204309,1.0004769563674927,1.0013056993484497,1.002202033996582,0.00047681143041700125,0.0013047874672338367,0.0021995806600898504,0.04243443836802291,0.07428821101784706,0.03679535165429115,0.03430002182722092,0.048329729586839676,2,11264
unit_current_ppo,-0.003,4.260377287864685,2.178164937453341,0.9999348521232605,0.9997870326042175,1.0033856630325317,-6.517815199913457e-05,-0.00021298526553437114,0.0033799326047301292,0.040494334043019324,0.08820333858020604,0.044204920530319214,0.0988481417298317,-0.08279121667146683,2,12288
unit_current_ppo,-0.003,4.259818863868714,1.7074161598944964,0.9995342493057251,0.999485969543457,1.0039994716644287,-0.00046588710392825305,-0.0005141362780705094,0.003991518635302782,0.04858560928466081,0.08295585443265736,0.0882025733590126,-0.02464125119149685,-0.07263635098934174,2,13312
unit_current_ppo,-0.003,4.259842562675476,1.138565827818537,0.9994847178459167,0.9995845556259155,1.003960132598877,-0.0005153922247700393,-0.0004155458009336144,0.003952327650040388,0.04620497176322806,0.052607401926070455,-0.006788615137338638,-0.013613755814731121,0.020676065236330032,2,14336
unit_current_ppo,-0.003,4.259727299213409,1.5289628189869175,0.9997572898864746,0.9991753697395325,1.0037778615951538,-0.0002427485742373392,-0.0008249523816630244,0.003770715557038784,0.042873159415981264,0.06555146668106318,-0.039056580513715744,0.05495424196124077,0.018806302919983864,2,15360
unit_current_ppo,-0.003,4.258850026130676,1.3275185583756544,1.0006792545318604,0.9983676075935364,1.0017486810684204,0.000678985845297575,-0.0016337528359144926,0.001747212139889598,0.046188328105197726,0.06131586274132132,-0.015979362651705742,0.02021781913936138,0.05713550001382828,2,16384
unit_current_ppo,-0.003,4.256981348991394,1.0821902185787555,1.0008862018585205,0.9979829788208008,1.0009087324142456,0.0008857569191604853,-0.00201904377900064,0.0009083366021513939,0.04932471057931602,0.05337871932424605,0.002799476031213999,0.027773777022957802,0.029641786590218544,2,17408
unit_current_ppo,-0.003,4.2563485383987425,1.6029258208813992,1.0010099411010742,0.9975645542144775,1.0006736516952515,0.0010093922028318048,-0.0024384106509387493,0.000673387199640274,0.04800618826840484,0.07695035873912275,-0.0241289921104908,0.049996811896562576,0.0322447344660759,2,18432
unit_current_ppo,-0.003,4.256007301807403,1.266525959721977,1.0011088848114014,0.9974972009658813,1.0006332397460938,0.0011082844575867057,-0.002505925251170993,0.0006330537144094706,0.04757688932553243,0.06025736541487277,-0.02763151004910469,-0.008538658730685711,-0.020167764276266098,2,19456
unit_current_ppo,-0.003,4.256268835067749,1.411264698108297,1.0009530782699585,0.9979010820388794,1.0008516311645508,0.0009525658679194748,-0.0021011140197515488,0.0008512472850270569,0.047239517593869865,0.0666674635373056,-0.0022245983127504587,-0.01565551944077015,-0.008889786899089813,2,20480
unit_current_ppo,-0.003,4.256299459934235,3.5395948046670904,1.0006922483444214,0.9994169473648071,0.9989101886749268,0.0006920677260495722,-0.0005832277820445597,-0.001090421574190259,0.01765875568898484,0.06250483989715576,-0.029313843697309494,0.022622782737016678,0.041424792259931564,3,1024
unit_current_ppo,-0.003,4.255768609046936,2.2495254300198404,1.0008760690689087,0.9990441203117371,0.9992265701293945,0.000875731697306037,-0.0009563194471411407,-0.0007737311534583569,0.026455422520550543,0.05951214572414756,-0.001887418911792338,0.012292632833123207,-0.009077859111130238,3,2048
unit_current_ppo,-0.003,4.255290257930755,1.9940825392373844,1.0005359649658203,0.9978780746459961,0.9988971948623657,0.0005358257913030684,-0.002124157967045903,-0.0011034265626221895,0.0320527000111152,0.06391572942957283,0.022212166339159012,0.06269252300262451,0.02223552204668522,3,3072
unit_current_ppo,-0.003,4.25339252948761,2.716962700680638,1.0001239776611328,0.9975077509880066,0.9984194040298462,0.00012396680540405214,-0.002495342865586281,-0.0015818591928109527,0.02920182597836728,0.07934027197770774,0.05217229202389717,0.0038444451056420803,0.06777144968509674,3,4096
unit_current_ppo,-0.003,4.25265463590622,1.891518148972255,0.9996670484542847,0.9973202347755432,0.9987174868583679,-0.00033301106304861605,-0.002683381550014019,-0.001283325836993754,0.032763543237971884,0.06197283666115254,0.020690275356173515,0.015177193097770214,-0.025230759754776955,3,5120
unit_current_ppo,-0.003,4.253016519546509,2.0719213486546275,0.999853253364563,0.9980224370956421,0.9989637136459351,-0.0001467440160922706,-0.001979524502530694,-0.0010368369985371828,0.03521197819478336,0.0729564493522048,-0.025325875729322433,-0.0861632376909256,-0.004297901410609484,3,6144
unit_current_ppo,-0.003,4.253671157360077,1.5373078309858794,0.9997139573097229,0.9980649948120117,0.9988263249397278,-0.0002860661188606173,-0.001936889486387372,-0.0011743678478524089,0.04251662413076281,0.06536113922484219,0.03163186460733414,0.03869866579771042,0.014129986986517906,3,7168
unit_current_ppo,-0.003,4.252902066707611,1.88048984984776,0.9997308254241943,0.9975751042366028,0.9982454776763916,-0.00026919253286905587,-0.0024278266355395317,-0.001756066456437111,0.030225580344375235,0.05683889704523608,-0.008168883621692657,0.04706157371401787,0.06458553671836853,3,8192
unit_current_ppo,-0.003,4.250549519062043,1.8353834227803574,1.0022062063217163,0.9944555163383484,0.9954430460929871,0.002203773008659482,-0.005559940822422504,-0.004567387513816357,0.03754973332011099,0.06891815806739032,-0.01637798547744751,0.03927578777074814,0.050167836248874664,3,9216
unit_current_ppo,-0.003,4.248483955860138,1.3982858805407345,1.0025267601013184,0.9939826130867004,0.9950646758079529,0.002523592207580805,-0.006035550497472286,-0.0049475450068712234,0.04084026089213527,0.05710636016447097,0.003830841276794672,-0.02850165031850338,0.02752232551574707,3,10240
unit_current_ppo,-0.003,4.247998464107513,1.4754727058637176,1.002131700515747,0.9937343597412109,0.9949648976325989,0.00212945812381804,-0.006285378709435463,-0.005047835409641266,0.039768245902236175,0.05867696139030158,0.04247162118554115,0.03523267060518265,0.007068506442010403,3,11264
unit_current_ppo,-0.003,4.247558379173279,1.5244957244865294,1.002035140991211,0.993722677230835,0.995002806186676,0.0020330764818936586,-0.006297095213085413,-0.00500975176692009,0.04188400041668322,0.06385197956115007,0.03605344519019127,-0.02293308638036251,-0.03507665544748306,3,12288
unit_current_ppo,-0.003,4.2475110530853275,2.1540277687042186,1.0020275115966797,0.9936825633049011,0.9949793815612793,0.002025512047111988,-0.006337448488920927,-0.005033254623413086,0.030908041094319865,0.06657677879557014,-0.0018484374741092324,0.05408083274960518,0.05158303305506706,3,13312
unit_current_ppo,-0.003,4.247551202774048,3.7211375510332014,1.0022248029708862,0.9936419725418091,0.9949828386306763,0.002222274662926793,-0.0063782972283661366,-0.005029764492064714,0.018485789033421223,0.0687881637364626,-0.02234555035829544,-0.005411372520029545,-0.0026820071507245302,3,14336
unit_current_ppo,-0.003,4.247577428817749,1.507756632108998,1.002295732498169,0.993384063243866,0.9950108528137207,0.002293148310855031,-0.006637921556830406,-0.0050016590394079685,0.04300455553227632,0.06484040381619707,0.025943662971258163,0.05829091742634773,-0.014293914660811424,3,15360
unit_current_ppo,-0.003,4.247426295280457,2.3453922909399396,1.002206563949585,0.9934033751487732,0.994991660118103,0.0022041406482458115,-0.00661847647279501,-0.005020951386541128,0.03813462040523591,0.08944064471870661,0.078639917075634,-0.05538194254040718,0.04312575235962868,3,16384
unit_current_ppo,-0.003,4.247336518764496,2.222434512356523,1.003171682357788,0.9931145906448364,0.9945007562637329,0.0031666418071836233,-0.006909244228154421,-0.0055144429206848145,0.029357031960252928,0.065244081011042,-0.0001508016139268875,0.005461681634187698,0.004251413978636265,3,17408
unit_current_ppo,-0.003,4.247800326347351,1.712566771888403,1.003499150276184,0.9930556416511536,0.9945659637451172,0.0034930941183120012,-0.006968601606786251,-0.005448834039270878,0.04169423901856467,0.07140416832407936,-0.036544352769851685,0.007526183966547251,-0.00936018768697977,3,18432
unit_current_ppo,-0.003,4.247891354560852,1.778482666223171,1.0035032033920288,0.9930399656295776,0.9945634603500366,0.003497116733342409,-0.006984367500990629,-0.005451381206512451,0.035747434026664346,0.06357619178015739,0.007895532064139843,0.007525382097810507,0.0010269108461216092,3,19456
unit_current_ppo,-0.003,4.247873854637146,1.9189277892375518,1.003502368927002,0.9930359125137329,0.9945634007453918,0.0034962843637913465,-0.006988434121012688,-0.005451420787721872,0.029490387329623956,0.056589923764113335,-0.00910121202468872,0.001582269323989749,0.0020012687891721725,3,20480
unit_current_ppo,-0.003,4.256641066074371,4.772092498193998,1.0001440048217773,0.9997792840003967,0.9997995495796204,0.00014404082321561873,-0.00022073512081988156,-0.0002004784910241142,0.012947981939415524,0.06178896748460829,-0.01109917089343071,-0.0017723127966746688,0.007953239604830742,4,1024
unit_current_ppo,-0.003,4.256094169616699,4.658119854200428,0.9994887709617615,0.9999118447303772,0.9993683695793152,-0.0005113516817800701,-8.8142478489317e-05,-0.0006318405503407121,0.014604172941258636,0.06802798793651163,0.04160994291305542,-0.010765868239104748,0.036212287843227386,4,2048
unit_current_ppo,-0.003,4.2555270314216616,2.2456266147443356,0.9994762539863586,1.000043511390686,0.9994391202926636,-0.0005238981684669852,4.35124384239316e-05,-0.0005610637599602342,0.027693879601198956,0.062190113100223245,-0.028162971138954163,-0.0021319095976650715,-0.03588411584496498,4,3072
unit_current_ppo,-0.003,4.255942976474762,1.4461317686925759,0.9996033310890198,1.0000574588775635,0.9995240569114685,-0.00039676210144534707,5.742584835388698e-05,-0.0004760594747494906,0.04227822932442493,0.06113989055156708,-0.013589954003691673,0.025905359536409378,-0.02296772040426731,4,4096
unit_current_ppo,-0.003,4.255953204631806,1.239866165247965,0.999498188495636,1.0000190734863281,0.9995285272598267,-0.0005019645905122161,1.9067821995122358e-05,-0.00047156092477962375,0.04913606714474185,0.06092214714735746,0.07002042979001999,0.023089388385415077,0.0007697157561779022,4,5120
unit_current_ppo,-0.003,4.255815947055817,1.9493510349056484,0.9994576573371887,0.9999979734420776,0.9995171427726746,-0.0005424971459433436,-2.056306584563572e-06,-0.0004829946847166866,0.030756532271596786,0.059955278015695515,0.007414516992866993,0.022513438016176224,0.026860913261771202,4,6144
unit_current_ppo,-0.003,4.255219030380249,2.2170840738233277,0.9994711875915527,0.9991793632507324,0.998837947845459,-0.0005289758555591106,-0.0008209570660255849,-0.0011627342319115996,0.0326656485445092,0.0724224891513586,-0.007674418389797211,0.06880605220794678,0.08395007252693176,4,7168
unit_current_ppo,-0.003,4.253838324546814,1.3893249463837296,0.999448835849762,0.9988381862640381,0.9985589981079102,-0.0005513117648661137,-0.0011624720646068454,-0.001442051026970148,0.053231788197008044,0.07395625128410757,0.05544055625796318,0.0650181844830513,0.019464869052171707,4,8192
unit_current_ppo,-0.003,4.253715860843658,1.579552036263316,0.9994989633560181,0.9988192915916443,0.9986497163772583,-0.0005011911853216588,-0.0011814082972705364,-0.0013512171572074294,0.03584956144273822,0.05662624777760357,-0.012915415689349174,0.004191388841718435,-0.04764723405241966,4,9216
unit_current_ppo,-0.003,4.253764748573303,1.803448268280197,0.9994558691978455,0.9987853169441223,0.998675525188446,-0.0005442849360406399,-0.0012154488358646631,-0.001325368881225586,0.048482569008727404,0.08743580512236804,0.10216911137104034,0.08356845378875732,0.021199388429522514,4,10240
unit_current_ppo,-0.003,4.253760099411011,2.0598627439176123,0.9994365572929382,0.9989185929298401,0.9986616969108582,-0.0005636010318994522,-0.0010820074239745736,-0.0013391886604949832,0.03653267504521748,0.07525229626335203,0.0023345232475548983,-0.10110877454280853,0.011257732287049294,4,11264
unit_current_ppo,-0.003,4.253884553909302,1.397340951532468,0.9994664192199707,0.9989384412765503,0.9987018704414368,-0.0005337251932360232,-0.0010621310211718082,-0.0012989506358280778,0.043801947477383564,0.06120625496841967,-0.03292231261730194,0.028637146577239037,-0.06607969850301743,4,12288
unit_current_ppo,-0.003,4.253882503509521,2.952836891603842,0.9997038245201111,0.9984700083732605,0.9989356994628906,-0.0002962054859381169,-0.0015311656752601266,-0.0010648822644725442,0.0288122634208929,0.0850779143627733,-0.04600892588496208,0.10195349156856537,-0.06534218788146973,4,13312
unit_current_ppo,-0.003,4.254017651081085,4.146522497127979,0.9999438524246216,0.9982869625091553,0.9990272521972656,-5.613234679913148e-05,-0.001714502228423953,-0.0009732082835398614,0.02004493675188641,0.08311678119935095,-0.05696970969438553,-0.006473706569522619,0.008477719500660896,4,14336
unit_current_ppo,-0.003,4.254065859317779,1.4485313016821793,0.9999796152114868,0.9982403516769409,0.9990158677101135,-2.0397686967044137e-05,-0.001761208870448172,-0.0009846192551776767,0.04827561192480236,0.06992873498238623,-0.03002648428082466,0.08186057955026627,0.022901570424437523,4,15360
unit_current_ppo,-0.003,4.254036557674408,1.173339453279003,0.9999986290931702,0.9981499314308167,0.9990576505661011,-1.364533773084986e-06,-0.0018518011784180999,-0.0009427935001440346,0.05651845723250458,0.06631533571053297,-0.008587280288338661,0.07469762861728668,-0.051696013659238815,4,16384
unit_current_ppo,-0.003,4.253967237472534,2.1203749012674784,0.999939501285553,0.9980246424674988,0.9991180896759033,-6.049120565876365e-05,-0.001977283041924238,-0.0008823156822472811,0.03610682710944814,0.07656000996939838,0.028983956202864647,0.046011269092559814,-0.028493603691458702,4,17408
unit_current_ppo,-0.003,4.253473746776581,2.1873026024841997,0.9996331930160522,0.997707188129425,0.9983767867088318,-0.00036685378290712833,-0.0022954426240175962,-0.001624534372240305,0.03152092582752732,0.06894580309744924,0.005512758158147335,0.01450696773827076,0.05100252106785774,4,18432
unit_current_ppo,-0.003,4.252248525619507,1.7744509866624347,0.9996609091758728,0.9977332949638367,0.9980908036231995,-0.00033915950916707516,-0.0022692561615258455,-0.0019110307330265641,0.0377409492182061,0.06696946457959711,-0.04631088301539421,-0.057820308953523636,0.017762601375579834,4,19456
unit_current_ppo,-0.003,4.2523618817329405,1.84447339259985,0.9997258186340332,0.9977627992630005,0.9980824589729309,-0.00027420735568739474,-0.002239679452031851,-0.0019193541957065463,0.03298126877359224,0.06083307270891965,-0.00017205634503625333,0.018328530713915825,-0.026738012209534645,4,20480
