seed,training_step,agent,evaluation_steps,market_share,captured_volume_per_step,spread_pnl_per_step,spread_pnl_per_captured_unit,normalized_spread_monetization,inventory_pnl_per_step,hedge_cost_per_step,total_pnl_per_step,mean_inventory,mean_abs_inventory,inventory_std,max_abs_inventory,mean_epsilon_bid,mean_epsilon_ask,mean_symmetric_quote_level,mean_quote_skew,mean_hedge_fraction,epsilon_near_bound_frequency,bid_clip_frequency,ask_clip_frequency,side_clip_frequency,approx_kl,clip_fraction,value_loss,latent_std_bid,latent_std_ask,latent_std_hedge
0,20480,PPO,5200,0.2749134615384615,5.498269230769231,0.13670487230498213,0.024863255429537514,1.1309915361500305,0.01688890000755381,0.057291783724266146,0.09630198858826981,-2.092395304837566,5.5832503316390705,6.898193081000593,31.295133245422676,0.12636403476798128,0.26171600619436225,0.19404002048117175,-0.13535197142638095,0.4672199897697339,0.0,0.0,0.0,0.0,0.009880275354953482,0.0498046875,326.7725601196289,0.9244685769081116,0.9963318705558777,0.9909082651138306
0,20480,A-S,5200,0.7250865384615385,14.50173076923077,0.2816806602121961,0.019423933921725787,0.885293111862753,-0.026328298033578952,0.0,0.2553523621786172,-1.4113461538461538,4.530576923076923,5.3857563317321455,18.0,-0.07017307721293316,0.07017307721293316,0.0,-0.14034615442586632,0.0,0.0,0.0,0.0,0.0,nan,nan,nan,nan,nan,nan
0,60416,PPO,5200,0.19253846153846155,3.850769230769231,0.07825645104806304,0.020322290523867748,0.9284769930945945,0.02901827503154672,0.02818193821903996,0.0790927878605698,-2.0962556945237414,3.744937217188596,5.22080081634863,35.468687742298954,0.40887656956861834,0.4803611043858109,0.4446188369772146,-0.07148453481719257,0.375715050811951,0.0,0.0,0.0,0.0,-0.00032324904459528624,0.00927734375,2714.3826538085937,0.8878684043884277,1.0480294227600098,0.9096783399581909
0,60416,A-S,5200,0.8074615384615385,16.14923076923077,0.33035136583645264,0.020456167266237422,0.9311841595822351,-0.010320681877809457,0.0,0.32003068395864315,0.02673076923076923,6.2675,7.737860025463671,30.0,0.0020673078463341182,-0.0020673078463341182,0.0,0.0041346156926682365,0.0,0.009038461538461539,0.005384615384615384,0.005384615384615384,0.005384615384615384,nan,nan,nan,nan,nan,nan
0,100352,PPO,5200,0.13826923076923076,2.7653846153846153,0.05857169443509848,0.021180306749826988,0.9700039638426692,0.0062134753862493,0.022175204642861324,0.042609965178486434,-2.601382341857524,3.7118207121818982,5.522023424293885,38.84445599222862,0.3611961276884148,0.6590506755134378,0.5101234016009263,-0.2978545478250229,0.40556786209917983,0.0,0.0,0.0,0.0,0.013491647763294168,0.0560546875,2167.1843444824217,0.857554018497467,0.8819607496261597,0.8846349716186523
0,100352,A-S,5200,0.8617307692307692,17.234615384615385,0.357643325774442,0.020751453849889516,0.9444807542490036,0.004604687618336492,0.0,0.3622480133927785,-2.791346153846154,7.124807692307693,8.230531931787734,28.0,-0.13752884617791725,0.13752884617791725,0.0,-0.2750576923558345,0.0,0.01730769230769231,0.012884615384615385,0.0125,0.012692307692307692,nan,nan,nan,nan,nan,nan
0,150528,PPO,5200,0.19577884615384616,3.915576923076923,0.08241872305136407,0.02104893472162925,0.9579274003387336,0.01949996852539254,0.018299932104860687,0.08361875947189593,-4.517983986000863,5.365946710869797,8.372220261825845,73.34948746676054,0.283708221342212,0.7033729230478415,0.4935405721950267,-0.4196647017056295,0.4421089290999449,0.0,0.0,0.0,0.0,0.008085233782185241,0.05625,301.4492691040039,0.8395191431045532,0.8519066572189331,0.7823094129562378
0,150528,A-S,5200,0.8042211538461539,16.084423076923077,0.32543012507572766,0.020232626530611125,0.9218697396933246,-0.01874178637344775,0.0,0.3066883387022799,-5.962692307692308,9.79923076923077,9.875618406222744,31.0,-0.29214423110493676,0.29214423110493676,0.0,-0.5842884622098735,0.0,0.06942307692307692,0.047692307692307694,0.04673076923076923,0.047211538461538465,nan,nan,nan,nan,nan,nan
0,204800,PPO,5200,0.21326923076923077,4.265384615384615,0.08954551765123674,0.020993538854212398,0.9541920409786294,0.0060553880417276796,0.014348037207117758,0.08125286848584663,-6.379448319364653,7.0473320962453725,9.779079602936534,73.41923479595602,0.20472424949576984,0.7317022604805131,0.4682132549881415,-0.5269780109847433,0.2757771768879432,0.0,0.0,0.0,0.0,0.007332787147606723,0.041796875,475.22314376831054,0.7612423300743103,0.7696334719657898,0.7943179607391357
0,204800,A-S,5200,0.7867307692307692,15.734615384615385,0.31697084890161836,0.020144810734397646,0.9182098988480722,-0.03064009537982978,0.0,0.2863307535217886,-7.203461538461538,10.911923076923078,10.433532642512164,30.0,-0.35024038466481633,0.35024038466481633,0.0,-0.7004807693296327,0.0,0.11038461538461539,0.0848076923076923,0.08365384615384615,0.08423076923076923,nan,nan,nan,nan,nan,nan
1,20480,PPO,5200,0.5412115384615385,10.82423076923077,0.2116383477468767,0.019552276023944833,0.891511775346713,0.019291096820544636,0.04147949853463912,0.1894499460327822,5.313938380992483,7.932774650301487,8.219358513270906,41.085892207799176,0.128663622882422,-0.1842529744124141,-0.02779467576499603,0.31291659729483606,0.2794066099765209,0.0,0.0,0.0,0.0,0.00036183884367346764,0.0,10534.1513671875,0.9813382625579834,0.9369395971298218,0.936225175857544
1,20480,A-S,5200,0.45878846153846153,9.17576923076923,0.15753113889793846,0.017168167042571993,0.7824383311832998,-0.001040585833985797,0.0,0.15649055306395265,2.7671153846153844,5.100576923076923,5.539247670570179,20.0,0.13839423151543506,-0.13839423151543506,0.0,0.2767884630308701,0.0,0.0001923076923076923,0.0,0.0001923076923076923,9.615384615384615e-05,nan,nan,nan,nan,nan,nan
1,60416,PPO,5200,0.7044519230769231,14.089038461538461,0.22547359334349484,0.016003476316642416,0.7291720715822884,0.021179077999794065,0.024635127777210476,0.22201754356607847,6.949545718496047,8.465384759109394,8.039753517004083,47.54545316497159,0.21514937220566097,-0.47678996637452375,-0.1308202970844314,0.6919393385801847,0.18667101007241468,0.0,0.0,0.0,0.0,0.0034809563017915933,0.00947265625,4185.613696289062,1.007925033569336,0.9126703143119812,0.849345326423645
1,60416,A-S,5200,0.29554807692307694,5.910961538461539,0.09768767769453138,0.016526529069576183,0.7543005237941058,0.013982558159787103,0.0,0.11167023585431847,6.469807692307692,7.935961538461538,6.235371492968598,23.0,0.3225769221531944,-0.3225769221531944,0.0,0.6451538443063888,0.0,0.003269230769230769,0.0015384615384615385,0.0015384615384615385,0.0015384615384615385,nan,nan,nan,nan,nan,nan
1,100352,PPO,5200,0.838125,16.7625,0.18525372893178302,0.011051676595482954,0.5036921771682912,0.015378873788196934,0.02262515097197553,0.17800745174800442,9.566122300383965,10.790584505854834,9.36107801978711,54.30383636800251,-0.058594513596550456,-0.6764396986280246,-0.3675171061122875,0.6178451850314741,0.14074911553699238,0.0,0.0,0.0,0.0,0.010017279325984419,0.05859375,23360.2130859375,0.826622724533081,0.7928658127784729,0.6613510847091675
1,100352,A-S,5200,0.161875,3.2375,0.06007913394439839,0.018557261450007224,0.8469637471215273,0.017893997801169927,0.0,0.07797313174556833,7.135192307692308,7.502884615384615,4.958790946927027,21.0,0.3560865392421301,-0.3560865392421301,0.0,0.7121730784842601,0.0,0.0007692307692307692,0.0001923076923076923,0.0001923076923076923,0.0001923076923076923,nan,nan,nan,nan,nan,nan
1,150528,PPO,5200,0.7985384615384615,15.97076923076923,0.2244540190376018,0.014054051861520197,0.6405124779695835,0.004704131548926901,0.014943937139583776,0.21421421344694497,11.787356289190903,12.602805330508728,11.687145600532432,67.13408019773809,0.2211593610566902,-0.6738423438552911,-0.22634149139930043,0.8950017049119813,0.11433199368417263,0.0,0.0,0.0,0.0,0.04606352272676304,0.2341796875,95882.9052734375,0.7601486444473267,0.8583327531814575,0.4932284653186798
1,150528,A-S,5200,0.20146153846153847,4.029230769230769,0.07240981684399965,0.0179711267463153,0.8200667042884947,0.03866492284870625,0.0,0.11107473969270591,9.948653846153846,10.362115384615384,5.736276106716378,26.0,0.49570192472077906,-0.49570192472077906,0.0,0.9914038494415581,0.0,0.009807692307692307,0.006923076923076923,0.007115384615384615,0.007019230769230769,nan,nan,nan,nan,nan,nan
1,204800,PPO,5200,0.8555769230769231,17.111538461538462,0.23790232740461315,0.013903035541739587,0.6337071248539169,0.02030237610152207,0.011665834321093483,0.24653886918504173,15.962037068158422,16.590142948086225,14.890220237736129,84.72561389412418,0.21465773682679215,-0.7553607074539468,-0.27035148531357733,0.970018444280739,0.09103589369700506,0.0,0.0,0.0,0.0,0.00477271678391844,0.0158203125,41699.79228515625,0.5242365598678589,0.8320253491401672,0.5040645003318787
1,204800,A-S,5200,0.14442307692307693,2.8884615384615384,0.05001134863437256,0.01731418195064829,0.7899116366331217,0.017207812773671775,0.0,0.06721916140804435,10.627692307692307,11.037307692307692,5.501804115079894,23.0,0.5302019247469993,-0.5302019247469993,0.0,1.0604038494939987,0.0,0.0025,0.001346153846153846,0.0015384615384615385,0.0014423076923076924,nan,nan,nan,nan,nan,nan
2,20480,PPO,5200,0.4035096153846154,8.070192307692308,0.16002513602734317,0.019829160189257344,0.90073031262351,0.04053187831959193,0.05366017191148994,0.14689684243544512,1.6333429859558328,5.020532597067105,6.753347763056509,27.59705456010154,0.16457086597840176,0.07688327068718186,0.12072706833279181,0.0876875952912199,0.5035284397349907,0.0,0.0,0.0,0.0,-0.0006748538697138428,0.01181640625,1072.0575729370116,1.0073356628417969,0.9539482593536377,0.9604523181915283
2,20480,A-S,5200,0.5964903846153846,11.929807692307692,0.23914070478339663,0.020045646246049206,0.9089341337544009,0.007295871530969597,0.0,0.24643657631436625,1.5092307692307692,4.006923076923077,4.974039468988284,20.0,0.07550961577906631,-0.07550961577906631,0.0,0.15101923155813263,0.0,0.0003846153846153846,0.0,0.0,0.0,nan,nan,nan,nan,nan,nan
2,60416,PPO,5200,0.19416346153846153,3.8832692307692307,0.07889304610287626,0.020316141223936834,0.9164004382049379,0.039995921521168265,0.02005271222311985,0.09883625540092467,2.194969696509154,3.247597282385997,6.313509394448255,33.50153051854805,0.5433532145161007,0.4007748491499101,0.4720640318330054,0.14257836536619065,0.456572738765524,0.0,0.0,0.0,0.0,0.0018733332632109522,0.0095703125,1707.9237976074219,1.0048857927322388,0.9722711443901062,0.8363258242607117
2,60416,A-S,5200,0.8058365384615385,16.11673076923077,0.33757214880973796,0.02094544815839533,0.951788080119077,0.025609415337793238,0.0,0.36318156414753117,0.7434615384615385,5.899230769230769,7.232030485335941,25.0,0.03694230792900691,-0.03694230792900691,0.0,0.07388461585801381,0.0,0.005384615384615384,0.002692307692307692,0.0028846153846153848,0.0027884615384615383,nan,nan,nan,nan,nan,nan
2,100352,PPO,5200,0.2889807692307692,5.779615384615385,0.09652738623457183,0.016701351181865092,0.7556743863090324,0.028873455779318883,0.022378769756308304,0.10302207225758239,2.7014736087224405,3.8480642397866553,6.577820863340241,29.498199238008645,0.59980605883216,0.12597948550644036,0.36289277216930016,0.4738265733257196,0.49399674594975435,0.0,0.0,0.0,0.0,0.009520983751281164,0.01904296875,492.4985801696777,0.9178419709205627,0.8557170033454895,0.7617568969726562
2,100352,A-S,5200,0.7110192307692308,14.220384615384615,0.29933574022577597,0.021049764005815527,0.9562680080782803,0.03720179719537362,0.0,0.3365375374211496,5.001153846153846,7.014230769230769,6.897463205312447,28.0,0.2485769235349905,-0.2485769235349905,0.0,0.497153847069981,0.0,0.012115384615384615,0.007884615384615384,0.008461538461538461,0.008173076923076924,nan,nan,nan,nan,nan,nan
2,150528,PPO,5200,0.2336153846153846,4.672307692307692,0.08496273630994271,0.018184319592183983,0.8228024826788831,0.01839496318290414,0.019372938182838067,0.08398476131000877,1.4436666031363194,2.5899923538354757,4.943949659922246,23.592347069145525,0.652362660118653,0.24174168286258535,0.44705217149061915,0.4106209772560676,0.44402915235322254,0.0,0.0,0.0,0.0,0.003848379661212675,0.05478515625,54.684463024139404,0.8954983353614807,0.7684499025344849,0.7867738008499146
2,150528,A-S,5200,0.7663846153846153,15.327692307692308,0.3244158576035299,0.02116534251152208,0.9612278851685675,0.023478163172740932,0.0,0.34789402077627085,3.9053846153846155,7.009230769230769,7.400200740920287,27.0,0.19423076930455863,-0.19423076930455863,0.0,0.38846153860911725,0.0,0.010961538461538462,0.007115384615384615,0.007307692307692308,0.007211538461538462,nan,nan,nan,nan,nan,nan
2,204800,PPO,5200,0.21885576923076924,4.377115384615385,0.08253835634986802,0.018856792452849772,0.8510309991894839,0.012916211848240128,0.02125836478141324,0.0741962034166949,1.3420097835893234,2.7022175901652825,5.141474644874063,25.978125372865733,0.6777017253531364,0.2250125004484569,0.45135711290079666,0.45268922490467955,0.4250756815648996,0.0,0.0,0.0,0.0,0.0037131463323021308,0.03740234375,683.247183227539,0.8568717241287231,0.8524118065834045,0.8785088658332825
2,204800,A-S,5200,0.7811442307692308,15.622884615384615,0.32958572658846896,0.021096342621893898,0.958724057666279,0.03313107876283476,0.0,0.3627168053513037,4.245384615384616,6.792692307692308,7.076055088910896,29.0,0.21052884666822277,-0.21052884666822277,0.0,0.42105769333644555,0.0,0.01326923076923077,0.009423076923076923,0.009615384615384616,0.00951923076923077,nan,nan,nan,nan,nan,nan
