approx_kl,clip_fraction,deterministic_epsilon_ask_mean,deterministic_epsilon_ask_state_std,deterministic_epsilon_bid_mean,deterministic_epsilon_bid_state_std,entropy_proxy,latent_sigma_ask,latent_sigma_bid,network_architecture,policy_loss,seed,training_step,value_loss
0.00352697754278779,0.0013671875,0.10786856916152503,0.025353494015150607,0.4671228197904734,0.04341755783172712,4.25551985502243,0.9969097375869751,0.9980586767196655,separate_actor_critic,-0.0015643550548702478,0,10240,4454.807037353516
0.010795150022022425,0.0220703125,0.23407543880793338,0.07439277385877814,0.36686311482619016,0.0638158019501091,4.252000463008881,0.9956508874893188,0.9957038760185242,separate_actor_critic,-0.004226416232995689,0,20480,614.1268630981446
0.00014430448063649238,0.0,0.21442025016085842,0.10935985641991618,0.24382210257104955,0.0987651523736933,4.246171319484711,0.9966874718666077,0.9921078681945801,separate_actor_critic,1.932234736159444e-05,0,39936,2840.02646484375
0.005798587435856461,0.01328125,-0.018998194079941664,0.10898385030898793,0.09079447896727241,0.15244984370401995,4.239977872371673,0.9961223602294922,0.9886456727981567,separate_actor_critic,-0.004632058518473059,0,60416,443.48615341186525
0.02611709826742299,0.071484375,-0.5593239126583704,0.08893063854346248,0.2799545302348307,0.18559769499924358,4.230815005302429,0.9918782711029053,0.9812526702880859,separate_actor_critic,-0.006319397175684571,0,100352,210.2364616394043
0.0008256882021669299,0.0,-0.36982752424963294,0.08606607052996619,0.10904357347679206,0.18047003322985591,4.212345933914184,0.9915575385093689,0.9685189723968506,separate_actor_critic,-0.0009985331969801336,0,149504,1050.3803878784179
0.0036773499334231017,0.0060546875,-0.41580996554440414,0.09950865816740416,-0.3744787362571328,0.1293085118896072,4.197629165649414,0.9880015254020691,0.9619986414909363,separate_actor_critic,-0.0028835357632488014,0,199680,65.28534460067749
0.007561294123297558,0.0201171875,-0.31302485183024636,0.15390840516937537,-0.12652199770150802,0.2063162917075752,4.1955991864204405,0.9862151145935059,0.9614626169204712,separate_actor_critic,-0.0051068249624222515,0,204800,23.732070112228392
0.0009864504740107805,0.00146484375,-0.33428899267545115,0.05787891655046365,-0.26602012385160495,0.038066956533273306,4.2546775341033936,1.0014737844467163,0.9976546168327332,separate_actor_critic,-0.0008885890711098909,1,10240,1589.0248046875
0.0015829157433472573,9.765625e-05,-0.4673506266604631,0.14064619146530163,-0.013181329308113512,0.04743069743955934,4.253990483283997,0.9992699027061462,0.9984374046325684,separate_actor_critic,-0.0015566531103104353,1,20480,400.42261428833007
0.011551584926201031,0.0490234375,-0.6088481245132593,0.15018407156330346,0.02638782170147468,0.04212943885769108,4.242657494544983,0.9960160851478577,0.9869532585144043,separate_actor_critic,-0.006015449843835086,1,39936,179.5894702911377
0.00012185659725219011,0.0,-0.5671581816214781,0.10573565791024538,-0.4416164354636119,0.026251914314613992,4.238101625442505,0.9945303201675415,0.9853839874267578,separate_actor_critic,-0.0024344822391867637,1,60416,808.138948059082
0.0018415629805531354,0.0,-0.23396368823969402,0.13361864081140135,-0.3272229248132461,0.04526533562414316,4.2298840403556826,0.9911093711853027,0.9826765656471252,separate_actor_critic,-0.001376795570831746,1,100352,11069.941137695312
0.0011951063759624958,0.0,-0.7151693510703552,0.0636335216738023,-0.6949059151686154,0.020966717653092062,4.231188547611237,0.9925598502159119,0.980411946773529,separate_actor_critic,-0.0015978505834937096,1,149504,13178.436840820312
0.0002017050690483302,0.0,-0.2847025165692545,0.13814881019278386,-0.9119663984347612,0.020278920922945358,4.231353962421418,0.9910336136817932,0.9815336465835571,separate_actor_critic,-0.000722969276830554,1,199680,20222.3404296875
0.00017802811926230787,0.0,-0.21471544860874137,0.14122408270673142,-0.9259222262944931,0.018556254446109876,4.2313442587852474,0.9909816980361938,0.981628954410553,separate_actor_critic,-0.0007609406369738281,1,204800,30003.575
0.007998626650078222,0.01767578125,-0.19140091717052155,0.07167265798005,-0.40188039709360174,0.02731234703084379,4.250877034664154,0.9988035559654236,0.9990910887718201,separate_actor_critic,-0.002745853445958346,2,10240,715.3079360961914
0.003653890494024381,0.02978515625,-0.028268241947919773,0.08690340489732512,-0.3417077761430007,0.02234224040030995,4.247189164161682,0.996618926525116,0.9988638758659363,separate_actor_critic,-0.007368060539010912,2,20480,1635.0795104980468
0.009650470275664702,0.05224609375,0.0517510615181751,0.27868680769245746,-0.10984396445176875,0.20248968872863446,4.247982513904572,1.0000768899917603,0.9993569254875183,separate_actor_critic,-0.004053768259473145,2,39936,162.5046199798584
0.006895086128497496,0.01357421875,0.014015387695951339,0.1488323810853303,-0.0058302226380851025,0.18956070206040643,4.239418530464173,0.9972643852233887,0.9971604943275452,separate_actor_critic,-0.005825911660213024,2,60416,595.0173812866211
0.00030690209823660555,0.0,0.029048535649557238,0.15627130279668208,-0.3113017362070819,0.18413002191497313,4.233186340332031,0.9948394894599915,0.9950143098831177,separate_actor_critic,-0.002129838860128075,2,100352,22995.180224609376
-0.00030136628192849456,0.0,0.02522657489678703,0.264197504651537,-0.0565222496441446,0.30737299403285384,4.223995006084442,0.9918102622032166,0.9891665577888489,separate_actor_critic,8.382329251617193e-05,2,149504,16706.437768554686
0.0018834080779924988,0.0,0.03141242004244421,0.11481252534910107,0.3672376929758451,0.12021592921673287,4.219532668590546,0.9904935956001282,0.9872676730155945,separate_actor_critic,-0.0012547975406050683,2,199680,21227.07236328125
-0.00022628922015428544,0.0,-0.042243190357112326,0.11498092017120452,0.32487870606665425,0.12430012550832435,4.21848726272583,0.9891923069953918,0.9873514771461487,separate_actor_critic,-0.00048684923094697294,2,204800,22513.042822265626
-0.0008009417506400496,0.00029296875,-0.044463961544440676,0.10608410561844536,-0.12347795359330634,0.21576987833322117,4.24890273809433,0.9991199970245361,0.9970033764839172,separate_actor_critic,-0.001173597713932395,3,10240,677.5987915039062
-0.0008110719441901893,0.00439453125,-0.2818076697285645,0.09979987485911448,-0.03561158506610156,0.19194325960828917,4.233491730690003,0.9951887726783752,0.9903767108917236,separate_actor_critic,-0.0026853093644604088,3,20480,352.8042922973633
-0.00015650875866413116,0.0,0.13560351129898873,0.11479012895712988,-0.11234089362491757,0.22791885081483362,4.232820236682892,0.9941192865371704,0.9902104139328003,separate_actor_critic,-0.000629392103292048,3,39936,2808.8127685546874
0.01072866325848736,0.03310546875,-0.3049203732170356,0.059289705625185735,-0.01335362660764263,0.1848191394397105,4.2278310537338255,0.9963701367378235,0.9865859150886536,separate_actor_critic,-0.007515261624939739,3,60416,425.7918731689453
0.0011179471446666866,0.0,-0.33433895462598556,0.032157951608117186,-0.3982242370227304,0.2180984276667185,4.220388352870941,0.9911885857582092,0.9870061874389648,separate_actor_critic,-0.0017614613054320217,3,100352,2629.068490600586
-0.00010068448609672487,0.0,0.2417156566412021,0.030580826349198887,0.5990058553906588,0.24708229289802408,4.224738550186157,0.9920589923858643,0.9870615601539612,separate_actor_critic,-0.00043201404623687266,3,149504,1005.1789367675781
-0.0002664391475263983,0.0,0.2003053323771709,0.04569332710656667,0.5127463190183521,0.3198055328921957,4.2197103023529055,0.9879722595214844,0.9854391813278198,separate_actor_critic,-0.002779047307558358,3,199680,8138.592846679688
0.0008733234368264675,9.765625e-05,0.4890548963577319,0.04396999333247209,0.6908491270568891,0.24057221357483174,4.218763208389282,0.9878844618797302,0.9849717617034912,separate_actor_critic,-0.0029648659285157917,3,204800,7562.412463378906
0.007839706825325265,0.0384765625,0.06672045291902927,0.057865028542652124,0.15364222085724275,0.060203855165272116,4.252567625045776,0.9999348521232605,0.9975410103797913,separate_actor_critic,-0.0034466754179447888,4,10240,910.8824493408204
0.019894449150888248,0.16904296875,-0.1986067611216687,0.08111377719819096,0.10957708513597027,0.12120923759920754,4.247902417182923,0.9919314980506897,0.9956832528114319,separate_actor_critic,0.0035857004579156635,4,20480,158.62121086120607
0.004059456201503053,0.002734375,0.22619125252135863,0.09652461548288983,0.12371197970172104,0.11798466509704333,4.240270793437958,0.9902641177177429,0.9939161539077759,separate_actor_critic,-0.0032649045344442127,4,39936,765.2225448608399
0.002087515569292009,0.0,0.11361743304729223,0.08351254200435228,0.052397757658185676,0.10400939264856002,4.247685527801513,0.9953199625015259,0.9931696653366089,separate_actor_critic,-0.0007864541199523956,4,60416,1433.8857482910157
0.00012005619937554002,0.0,0.16606773449800527,0.1321966493964486,0.375084489545761,0.15022949931557184,4.249736726284027,0.9973089098930359,0.9913167953491211,separate_actor_critic,-0.0007826996734365821,4,100352,7717.67158203125
0.0015909282898064702,0.0115234375,0.27752768744069795,0.08964764967266892,0.14817278444295368,0.21153309589386718,4.239987742900849,0.9972348213195801,0.989432156085968,separate_actor_critic,-0.004601659846957773,4,149504,409.397395324707
0.0030033032759092747,0.01259765625,0.49357526233563054,0.0845245173246332,0.19762274098869126,0.21515861458983984,4.23264000415802,0.9953644871711731,0.9843563437461853,separate_actor_critic,-0.005636577098630369,4,199680,280.6247341156006
0.010595435654977337,0.0603515625,0.35428566195261785,0.10663252623080703,0.23617642842806302,0.2572626083046374,4.23081625699997,0.9951886534690857,0.9828763604164124,separate_actor_critic,-0.009318503178656101,4,204800,113.17300109863281
