approx_kl,clip_fraction,condition,deterministic_epsilon_ask_mean,deterministic_epsilon_ask_state_std,deterministic_epsilon_bid_mean,deterministic_epsilon_bid_state_std,entropy_proxy,latent_sigma_ask,latent_sigma_bid,policy_loss,seed,training_step,value_loss
0.0011734338942915202,0.0,current_ppo,-0.29173453358503487,0.037920007641917594,0.20772080967823664,0.029787803563281437,4.256804978847503,0.9989754557609558,1.0000618696212769,0.001135101413819939,0,1024,258.83095207214353
0.023094298475189134,0.24609375,current_ppo,-0.42018801543192985,0.050603273006337345,0.27259229815159086,0.030784535961168404,4.256660282611847,0.9986062049865723,1.0002089738845825,0.01314012596849352,0,2048,4203.625775146485
0.004266807221574709,0.05869140625,current_ppo,-0.3700814697986994,0.038121613831045696,0.218444518553905,0.033757954134444844,4.256627309322357,0.9987114071846008,1.0001899003982544,0.0003323939861729741,0,3072,3217.6951110839846
0.02626456812140532,0.22529296875,current_ppo,-0.2653526809353095,0.029807924929192233,0.14275172992776602,0.024509457391451328,4.256476330757141,0.9985786080360413,1.0002168416976929,0.008778143697418273,0,4096,970.5647689819336
0.007973171037156135,0.12646484375,current_ppo,-0.34734607136402373,0.035443898779129755,0.2740681935197268,0.031344711021643545,4.256177771091461,0.9985626339912415,1.0003044605255127,0.0009953043656423688,0,5120,3363.722625732422
0.021476392913609744,0.1919921875,current_ppo,-0.40338861777996404,0.05601136376208099,0.34300161302089693,0.03250606328066078,4.256263256072998,0.9985633492469788,1.0003974437713623,0.013193017872981726,0,6144,2280.419561767578
0.0027674937853589656,0.073828125,current_ppo,-0.3964071442683538,0.05826377229420621,0.38391089485241814,0.023813033428239875,4.256364798545837,0.9985144734382629,1.00042724609375,0.0011822522152215242,0,7168,5934.345178222657
0.0006259360583499074,0.000390625,current_ppo,-0.4095364007430199,0.06140389505069221,0.37837534493360764,0.027138472786283882,4.256333887577057,0.9983245134353638,1.0005993843078613,0.00026083061238750814,0,8192,2032.276904296875
0.008962922112550587,0.08212890625,current_ppo,-0.36774498224258423,0.04921041984925875,0.3513024200231601,0.037095811324279304,4.256398320198059,0.9976223111152649,1.0007340908050537,0.003366942552383989,0,9216,2242.6054443359376
0.015491570753511041,0.185546875,current_ppo,-0.30342562099297843,0.030413893254331935,0.24933578608891901,0.027303235857018947,4.25627681016922,0.997321605682373,1.0007834434509277,0.009989011357538402,0,10240,1955.6448303222655
0.005786170274950564,0.114453125,current_ppo,-0.22012194651059616,0.02293317115185807,0.18708493197575593,0.01622729791000517,4.255669915676117,0.99681556224823,1.0002951622009277,-0.00345105507876724,0,11264,762.4464721679688
0.002194706298178062,0.0322265625,current_ppo,-0.18656333392629257,0.01843231261171927,0.10508563528076197,0.011075807739511005,4.254339754581451,0.9966550469398499,1.0002228021621704,0.0007079804316163063,0,12288,2663.345098876953
0.00677563605713658,0.0296875,current_ppo,-0.11078114221588924,0.021824083309336686,0.06872448676671737,0.013401756295023362,4.255300343036652,0.9998372793197632,1.0006821155548096,-0.00237306437920779,0,13312,395.64888153076174
0.004753948497818783,0.08359375,current_ppo,-0.011556554636440407,0.018705729791383668,0.026858036435591297,0.010441391398830482,4.256699633598328,1.0005791187286377,1.0012733936309814,-0.002383648219984025,0,14336,1121.978582763672
0.003306494688149542,0.02939453125,current_ppo,-0.05186909742068308,0.020811337133074554,0.14131476124509787,0.012614524859029952,4.25666720867157,1.00040602684021,1.0012001991271973,-0.0016082533169537784,0,15360,261.79183158874514
0.0029164799663703887,0.0181640625,current_ppo,-0.014511356070094432,0.01770942310384962,0.07298477759154944,0.010035203712024359,4.25589154958725,0.999886155128479,1.0011255741119385,-0.0009807839756831526,0,16384,466.6784049987793
0.0012895068211946636,0.035546875,current_ppo,0.002835977929703987,0.013703422509721138,0.09472736714360042,0.008095039492222445,4.256027698516846,0.9993966221809387,1.0022742748260498,-0.0027998440666124223,0,17408,750.1867233276367
0.003127158246934414,0.0263671875,current_ppo,-0.05984669687369695,0.009636019361256331,0.10844217294301742,0.005739678906221668,4.25697830915451,0.9988923072814941,1.0030808448791504,-0.0025077636004425586,0,18432,814.1259414672852
0.0005075937602669001,0.00048828125,current_ppo,-0.014160348464979622,0.006957878335819824,0.047361061999048944,0.003522572352728157,4.256797170639038,0.9987375736236572,1.0031507015228271,-0.0011380835436284541,0,19456,1310.2676727294922
0.0022479679668322206,0.012890625,current_ppo,0.059867532957249725,0.008458951981743545,0.11304530121195011,0.0041106665783628,4.256811022758484,0.9982095956802368,1.003647804260254,-0.001228594861458987,0,20480,591.6979385375977
0.004395638464484364,0.0984375,current_ppo,0.06189730919402045,0.040040444025146955,-0.2949173290760089,0.04193363778883846,4.256195831298828,1.0006941556930542,0.9991982579231262,-0.005032801837660372,1,1024,335.67107009887695
0.04242761181085371,0.31240234375,current_ppo,0.021802908479600237,0.041509019209427,-0.3707442304262748,0.03699417327164574,4.254855692386627,1.0007685422897339,0.9989696145057678,0.02178511021193117,1,2048,2407.249377441406
0.001722102495841682,0.0369140625,current_ppo,0.09431010619856608,0.037393044670207355,-0.36732505422372086,0.04087613679877978,4.25556126832962,1.0011509656906128,0.9999258518218994,-0.0013272264041006565,1,3072,474.5469261169434
0.006128193956101313,0.203515625,current_ppo,0.11249410440333378,0.02960818630824833,-0.4503337636207923,0.03342792056228863,4.256682097911835,1.001124620437622,1.0002552270889282,0.013132417760789394,1,4096,1318.2760284423828
0.018235943012405186,0.17685546875,current_ppo,0.12568362624599383,0.022450395979683707,-0.49320027790008447,0.02257387033073591,4.256808578968048,1.0012571811676025,1.0001535415649414,0.005326189147308469,1,5120,1880.048110961914
-9.479773580096662e-05,0.02314453125,current_ppo,0.06734705369632978,0.017706387768098117,-0.48514529848710086,0.016707127522250027,4.256895005702972,1.0013467073440552,1.0002795457839966,3.730657044798136e-05,1,6144,510.4619613647461
0.005317567841848359,0.01552734375,current_ppo,0.05549057477559799,0.018692085958270637,-0.4560539597884203,0.01966795942582132,4.257051730155945,1.0013108253479004,1.0003585815429688,-0.0003864648286253214,1,7168,885.7460296630859
0.0024437590211164205,0.00751953125,current_ppo,0.05550001870649748,0.017081062313344345,-0.4807317017744749,0.01608011041994673,4.256991398334503,1.001257061958313,1.0003161430358887,-0.0010549283353611827,1,8192,1295.557635498047
0.003712916630320251,0.0271484375,current_ppo,0.0533546873057882,0.012431511702027873,-0.40543843438992133,0.0135666605025933,4.256940543651581,1.0004355907440186,1.0008020401000977,-0.0033663912210613487,1,9216,495.85240936279297
0.0010881668829824775,0.0,current_ppo,0.08725810662294045,0.008971237750126,-0.40567090503680403,0.010239063539514048,4.256618452072144,1.0001689195632935,1.000856876373291,-0.00036915324162691834,1,10240,3859.567248535156
0.001038855005754158,0.003515625,current_ppo,0.03452377347992017,0.011355067664580916,-0.3397574916864053,0.013310060965804444,4.2565563201904295,1.0001529455184937,1.0007855892181396,-0.003865624766331166,1,11264,785.8845840454102
0.003201423061545938,0.02451171875,current_ppo,0.09517683042929723,0.010840582789162195,-0.311892380240636,0.014292471738215762,4.25630202293396,0.9995126128196716,0.9993324279785156,-0.00013707688776776195,1,12288,528.3121383666992
-0.0005951630941126495,0.0,current_ppo,0.10641241371631623,0.007835684372806778,-0.3384367569898948,0.010882592250731933,4.255659174919129,0.9994987845420837,0.9989446997642517,0.000861189269926399,1,13312,293.8031078338623
0.0006492214044556022,0.0,current_ppo,0.10301783512800168,0.005206434562387034,-0.35502022413107065,0.007229489009320307,4.255623698234558,0.9995668530464172,0.9989251494407654,4.3126125819981095e-05,1,14336,204.14636917114257
0.0003343438438605517,0.0,current_ppo,0.09664515302731441,0.0063802320235666595,-0.34991003083877076,0.008747923088297771,4.255664944648743,0.999579906463623,0.9989261031150818,9.071535896509885e-06,1,15360,3611.6953674316405
-0.00015806594165042044,0.0,current_ppo,0.11878393825430136,0.0051482938074127954,-0.3499501569912984,0.007242055599975728,4.255628871917724,0.9995607137680054,0.9989044666290283,-0.0016552048735320568,1,16384,1078.216667175293
-3.587580285966396e-05,0.0,current_ppo,0.12147067710757256,0.006339380401116583,-0.3438111101205532,0.008895337438731228,4.255578172206879,0.9996201395988464,0.9988774657249451,8.454406633973122e-06,1,17408,1932.1579956054688
-4.129065200686455e-06,0.0,current_ppo,0.1309927193591228,0.005112902777873129,-0.31558658503569087,0.007254484148604199,4.255590426921844,0.9996544718742371,0.998859167098999,-0.000963895523454994,1,18432,479.61314697265624
-0.0004979137622285635,0.0,current_ppo,0.12332302914598049,0.0062439427145607835,-0.29865769507029116,0.008846544438353619,4.255572140216827,0.9996738433837891,0.9988418817520142,-0.00021070654038339852,1,19456,1981.6789764404298
0.001115375867811963,0.00048828125,current_ppo,0.12483213956539448,0.009029082157505343,-0.27311665545671415,0.01266566904764508,4.2555540800094604,0.9997110962867737,0.9987518191337585,-0.00017226559575647115,1,20480,728.0472793579102
0.011932654376141726,0.2740234375,current_ppo,-0.09879569899819146,0.0357144189908828,-0.3611360754722204,0.027599596791339713,4.256377267837524,1.00027334690094,0.9989150762557983,0.010451125883264467,2,1024,255.99867095947266
0.0570654310460668,0.43193359375,current_ppo,0.002295192935017463,0.041694591710611434,-0.25612613776555426,0.029767009732138902,4.25545859336853,1.0002892017364502,0.9985697865486145,0.06436662714695558,2,2048,268.27432746887206
0.038506390317343174,0.27451171875,current_ppo,-0.071275103324278,0.03870045071554961,-0.31922493737477525,0.02765084467708775,4.255207800865174,1.0001258850097656,0.998497486114502,0.03442776853917166,2,3072,1103.3959655761719
0.008139267098158598,0.16064453125,current_ppo,-0.017573398142345608,0.043371345149790824,-0.23806624080126101,0.030460463534493727,4.2551410555839535,1.0004435777664185,0.9986891150474548,0.010020101419650018,2,4096,283.2128318786621
0.06240822834079154,0.4529296875,current_ppo,0.13123897923505864,0.06841371754784578,-0.1143876031279946,0.04015283060409939,4.25553926229477,1.000685214996338,0.9990684986114502,0.04725352022796869,2,5120,684.6086013793945
0.015832214168040083,0.1986328125,current_ppo,0.030392291748117153,0.046637488891868875,-0.20553046556619498,0.03135017608663582,4.25597779750824,1.0007317066192627,0.9991700053215027,0.015221923822537065,2,6144,12764.957836914062
0.013656169315800071,0.18046875,current_ppo,0.13691098696099988,0.06877760607764627,-0.11535695521817663,0.03846483032287448,4.25628354549408,1.0008245706558228,0.9993416666984558,0.007065028254874051,2,7168,1201.54736328125
0.02421120066428557,0.30732421875,current_ppo,0.21282478933437513,0.06902318396130992,-0.0035792998986718698,0.037089299127248274,4.256514537334442,1.0007561445236206,0.9992857575416565,0.01478339604800567,2,8192,3027.8406494140627
-0.0006105388747528195,0.01748046875,current_ppo,0.25921777288118997,0.06223734073177961,-0.010717651874382192,0.02875089451539945,4.255986440181732,0.9996411800384521,0.9987929463386536,-0.001382733427453786,2,9216,363.2085807800293
0.00020159039995633067,0.0103515625,current_ppo,0.20035052981633597,0.0753022368360086,-0.08947451683000113,0.038579821219342156,4.254495704174042,0.9992167949676514,0.9986029863357544,-0.001202770252712071,2,10240,7729.862060546875
0.007936863764189183,0.05546875,current_ppo,0.13220742317274786,0.08220016422870698,-0.18740187966479704,0.04704179371157938,4.2543144702911375,0.9992601871490479,0.9985988736152649,0.000796316540800035,2,11264,6546.854138183594
0.0043140450667124245,0.04443359375,current_ppo,0.07228819025943103,0.07131726460728971,-0.1996820264460089,0.04164138824854412,4.2538397192955015,0.9997550249099731,0.9976995587348938,-0.00215511079877615,2,12288,614.684684753418
-0.0005560673598665744,0.01728515625,current_ppo,0.132489626530934,0.056969990257001855,-0.16938726256768674,0.02954482714324431,4.252730929851532,0.9989356994628906,0.997342586517334,-0.0006315031787380576,2,13312,1259.8659729003907
-0.000600269716233015,0.00849609375,current_ppo,0.08812917325950156,0.06839558365346045,-0.2583658420504668,0.03578121053952053,4.252230536937714,0.9985960721969604,0.9972025156021118,-0.0022240095306187866,2,14336,9161.798828125
0.0032357543299440295,0.02587890625,current_ppo,0.0289049320908723,0.07331542965740433,-0.3305939752704058,0.035610202347353646,4.252109229564667,0.9986192584037781,0.997163712978363,0.0001286872779019177,2,15360,9766.519262695312
0.007339533942285925,0.23212890625,current_ppo,-0.04292560536503935,0.061774608158393494,-0.32370028595129646,0.02333179679546297,4.252207481861115,0.9988255500793457,0.9970160722732544,0.01120326602831483,2,16384,1153.3380615234375
0.08811099206213839,0.4408203125,current_ppo,-0.07630278216704774,0.06014553133482972,-0.17857922804661286,0.02662752582937857,4.25238606929779,0.9987797737121582,0.9970212578773499,0.054046770511195066,2,17408,3026.4479125976563
0.0024439258966594936,0.11630859375,current_ppo,0.02545507873575657,0.05920030750688812,-0.18110571538026515,0.024364201314963543,4.249287259578705,0.9951895475387573,0.9951102137565613,-0.0046639456413686275,2,18432,156.4293098449707
0.06169659278239124,0.34931640625,current_ppo,0.023352970240580945,0.0575527624337145,-0.03901979549286457,0.026499718344517354,4.240978610515595,0.9939736723899841,0.9944214820861816,0.03731065801111981,2,19456,2210.3746704101563
0.008128942147595807,0.1291015625,current_ppo,0.02701766424997447,0.03526739713499905,0.010208150662798196,0.018553610521510704,4.239990401268005,0.993619978427887,0.9945533871650696,0.006565621355548501,2,20480,523.0115219116211
0.006069854024099186,0.131640625,current_ppo,0.06154268946832953,0.02496470015688208,-0.06237121549828981,0.036381439833146643,4.256808626651764,1.0003658533096313,1.0003571510314941,-0.004951385059393942,3,1024,1865.8340881347656
0.003507003077538684,0.03662109375,current_ppo,0.12096703703968953,0.01950378427148856,-0.09953666627884675,0.02692114785199845,4.256759631633758,1.0001808404922485,1.0006506443023682,-0.0014336437452584505,3,2048,737.1788970947266
0.0032253044890239837,0.0296875,current_ppo,0.05203185531143577,0.027387401903249207,-0.05936511408071965,0.03163624562670869,4.256822562217712,0.9994866251945496,1.0001873970031738,-0.0015676836366765202,3,3072,688.7859939575195
0.0025015155668370427,0.04345703125,current_ppo,0.024521299830536383,0.03917380124286289,-0.00885443936702079,0.043107688184707615,4.256905472278595,1.000825047492981,0.9990184903144836,-0.0034916965640150012,3,4096,347.80549850463865
0.006232728075701743,0.1111328125,current_ppo,-0.021791862380222227,0.025833331303795795,-0.061099573703130516,0.039783092859990335,4.256596279144287,1.0009019374847412,0.9983588457107544,0.002730096795130521,3,5120,1589.5724365234375
0.0010244590870570392,0.05029296875,current_ppo,-0.02730941252659063,0.040066435618122155,-0.06357126943005893,0.03803134089347465,4.254952299594879,0.99953693151474,0.997093141078949,0.00039880976546555755,3,6144,392.43711166381837
0.0016322500014211982,0.0296875,current_ppo,0.062286053630239806,0.047870813492285995,-0.09330687733092465,0.03943996421827295,4.252089500427246,0.9989849925041199,0.9966474771499634,0.0048343635397031905,3,7168,3225.28515625
0.002717635809676722,0.02626953125,current_ppo,0.08164503482253983,0.04630163251202971,-0.02648760192148471,0.04210237944521877,4.251280784606934,0.9987599849700928,0.9955348372459412,-0.0025849554338492455,3,8192,1120.2709091186523
0.007332105364184827,0.08046875,current_ppo,0.21921610847497597,0.044336660743611714,-0.07717837690829467,0.042060394792247165,4.250517117977142,0.9981862902641296,0.995593786239624,-0.0018961840425617993,3,9216,1019.6777206420899
0.005122778913937509,0.05224609375,current_ppo,0.18359462203314672,0.06189768521912613,-0.013097036515664047,0.053480838459022836,4.250527131557464,0.9986604452133179,0.9942314624786377,-0.0032236592727713288,3,10240,138.0980390548706
0.0016396833932958543,0.00419921875,current_ppo,0.12163517193119519,0.05924823559812982,-0.032038854880300234,0.03595572755590466,4.250439512729645,0.9989906549453735,0.9930727481842041,0.0010239549679681658,3,11264,548.8211097717285
0.003620989987393841,0.09306640625,current_ppo,0.27197250933983386,0.06558583275093384,0.045110018635526876,0.04516951712267669,4.2503793120384215,0.9987190365791321,0.9930137991905212,0.002746551501331851,3,12288,1701.959295654297
0.005964826425770298,0.13720703125,current_ppo,0.45668813823125304,0.054346776846653164,0.07051469239567477,0.051867279784817165,4.250541961193084,0.9986134767532349,0.9929869174957275,0.004230169265065342,3,13312,2505.4806945800783
0.0014026629331056028,0.07509765625,current_ppo,0.4083150911025512,0.06468587649231018,0.011316566043593084,0.054640707427008,4.251271760463714,1.000204086303711,0.9909778237342834,-0.0038958197692409158,3,14336,740.255224609375
0.0023400172183755787,0.07578125,current_ppo,0.5105402417671986,0.04821271107510902,-0.06502642939120937,0.05203145759295073,4.251886141300202,0.9997791647911072,0.9903295040130615,0.0007803693879395723,3,15360,1294.352587890625
0.004069915961008519,0.03720703125,current_ppo,0.5196782880868667,0.05475684699682521,-0.036453301784319755,0.03334746556617546,4.254915225505829,1.001983642578125,0.9925429821014404,-0.002116340631619096,3,16384,698.6220855712891
0.008928371348883957,0.1279296875,current_ppo,0.44486584594616524,0.08252051752432496,0.11476350033608003,0.04025457645232781,4.258875799179077,1.0028128623962402,0.9927104115486145,0.0026189569383859635,3,17408,1897.6161010742187
0.002428744174540043,0.0373046875,current_ppo,0.5267297597267688,0.06041913454524002,0.09722281091679365,0.030361678324050914,4.25889607667923,1.002060055732727,0.9925807118415833,-0.000448072818107903,3,18432,447.0204345703125
0.0001162540225777775,0.0185546875,current_ppo,0.45158739166382034,0.07500369460495064,0.13443308040881768,0.03304841106644991,4.258144104480744,1.0016518831253052,0.9926586747169495,0.0014533587032929062,3,19456,524.3465515136719
0.0045909707143437116,0.03671875,current_ppo,0.5195749399753717,0.08105838888493896,0.1586952728529771,0.03452325591048069,4.25823804140091,1.0008161067962646,0.9926166534423828,-0.007036897528450936,3,20480,121.75816841125489
0.0037861061398871245,0.053515625,current_ppo,-0.1829208617988162,0.07324636170883646,-0.1809932155104784,0.03861621260133944,4.256798064708709,0.9994276165962219,0.9999497532844543,-0.001736986660398543,4,1024,128.70499649047852
0.003312564815860242,0.04306640625,current_ppo,-0.3021339700390131,0.07271679335231689,-0.14335841591923665,0.04674892338582384,4.255949640274048,0.998189389705658,1.0005085468292236,0.0003296009264886379,4,2048,506.6912384033203
0.004530362359946594,0.05322265625,current_ppo,-0.22999336404296067,0.07500026239607639,-0.13378314662438173,0.040317807218463904,4.255581510066986,0.9975370168685913,1.0009896755218506,-0.0014284826815128327,4,3072,859.1357025146484
0.004783385677728802,0.0470703125,current_ppo,-0.35523569140678796,0.07608186121135681,-0.17797343864654883,0.04295728302252062,4.2552811861038204,0.9975472092628479,1.0008288621902466,-0.0008047960698604583,4,4096,1393.4183532714844
0.005240116687491536,0.091796875,current_ppo,-0.3782774979869525,0.0828933890591617,-0.17825863588696872,0.04506229689274841,4.255923068523407,0.9953051805496216,1.0021365880966187,-0.005172220128588379,4,5120,187.24649505615236
0.00012777605443261563,0.00380859375,current_ppo,-0.4181772664953501,0.08861156555168642,-0.15674986449094155,0.054650916949710936,4.2565078973770145,0.9950077533721924,1.0024384260177612,-0.001667525712400675,4,6144,964.4019424438477
0.001743909070501104,0.0,current_ppo,-0.41899233196790403,0.08918636911809473,-0.20630201322910113,0.04785522019328551,4.2565072774887085,0.9949394464492798,1.0025246143341064,-9.664344834163785e-05,4,7168,810.6718978881836
-0.0022019767784513533,0.03623046875,current_ppo,-0.37835492407664273,0.09282817437177934,-0.23681640544762977,0.03946478957295639,4.255842411518097,0.9943757653236389,1.001247763633728,-0.0016605994664132596,4,8192,265.17386054992676
0.0022850440989714118,0.01435546875,current_ppo,-0.28821861025614615,0.08427314847911989,-0.1907735749697074,0.03499789424648801,4.254432106018067,0.9943526387214661,1.0009269714355469,6.331794429570436e-05,4,9216,490.0347023010254
0.006674724392360077,0.076171875,current_ppo,-0.13568553058908153,0.0645818788239309,-0.18105951816989826,0.025152458134063384,4.25450644493103,0.9943571090698242,1.0009632110595703,0.00040082777850329875,4,10240,1351.7069549560547
-5.1552295917645094e-05,0.00234375,current_ppo,-0.0705640177740208,0.044509617668558724,-0.15803188297611018,0.017638189151084522,4.254597008228302,0.9943178296089172,1.0009881258010864,-0.0002149020554497838,4,11264,544.3361793518067
0.001060344313737005,0.0017578125,current_ppo,-0.13117688233331323,0.05558090621159646,-0.19976989409098259,0.02098415157747922,4.254626679420471,0.9942674040794373,1.0010325908660889,-0.0006952524068765342,4,12288,288.2748477935791
0.0002315858204383403,0.0,current_ppo,-0.09259626798492927,0.04384520160912233,-0.19900927272362587,0.016958150217768694,4.254647874832154,0.9942676424980164,1.0010292530059814,0.00044209546176716686,4,13312,1102.2337142944336
0.0004801953677088022,0.0,current_ppo,-0.12900903501595634,0.05431274793441581,-0.23060976706254177,0.019629351912589313,4.254621016979217,0.9942535161972046,1.0010478496551514,-0.00016662615817040206,4,14336,1261.6850708007812
0.0018121540837455542,0.03291015625,current_ppo,-0.20035696252702903,0.07606993119338712,-0.2913898529150547,0.02632907755319067,4.254639160633087,0.9944044947624207,1.0011227130889893,-0.0011514355661347508,4,15360,284.1220588684082
0.0008305886411108076,0.01572265625,current_ppo,-0.26344484214981395,0.09836083202610221,-0.27550554531507004,0.03457581427101836,4.254433822631836,0.9943750500679016,1.0010910034179688,0.0011866282904520631,4,16384,458.813737487793
0.003871843381784856,0.04365234375,current_ppo,-0.1988603021376408,0.08220965281445776,-0.18847769926755856,0.03180007542295913,4.254296731948853,0.9942952394485474,1.0011276006698608,0.00010015114676207305,4,17408,444.4050689697266
-3.7791661452502015e-05,0.02763671875,current_ppo,-0.32378042153058906,0.09137656442506811,-0.22645252121564668,0.03477803552496591,4.254280412197113,0.9942613840103149,1.001129150390625,-0.00015969498781487346,4,18432,5619.127136230469
0.007716596266254783,0.11845703125,current_ppo,-0.3842891994386147,0.10190888425239156,-0.27699644982050625,0.03812871768201096,4.2542078495025635,0.9942267537117004,1.0010571479797363,0.004478807677514851,4,19456,1424.2322631835937
0.005850264889886603,0.02412109375,current_ppo,-0.3674241134753594,0.09412858827750262,-0.23844228541621795,0.03640383400721876,4.2541508436203,0.9940950274467468,1.001124382019043,-0.001209499780088663,4,20480,908.6028732299804
0.0011734338942915202,0.0,paper_aligned_ppo,-0.29173453358503487,0.037920007641917594,0.20772080967823664,0.029787803563281437,4.256804978847503,0.9989754557609558,1.0000618696212769,0.001135101413819939,0,1024,258.83095207214353
0.023970276612089947,0.12890625,paper_aligned_ppo,-0.42360515284996764,0.05075461341431243,0.27605778460319225,0.030804586851923603,4.256658959388733,0.9986039400100708,1.0002009868621826,0.006848203507252038,0,2048,4203.623120117188
0.004033820272888988,0.013671875,paper_aligned_ppo,-0.37754839272835317,0.038197053565906955,0.22095320454010597,0.03425837311589121,4.256600081920624,0.998721182346344,1.0001829862594604,-0.0006781408097594977,0,3072,2817.077496337891
0.03222521250136197,0.1283203125,paper_aligned_ppo,-0.2525761922391561,0.03040170594243882,0.11982199952770502,0.023940775512272514,4.256462132930755,0.9986154437065125,1.0002071857452393,0.005390729021746666,0,4096,1183.475894165039
0.006529791536740959,0.03681640625,paper_aligned_ppo,-0.3294968734184901,0.03360271232571366,0.25650128691624374,0.030186751458255726,4.256145334243774,0.9986079335212708,1.0003026723861694,-0.001999628380872309,0,5120,2869.447644042969
0.021772276208503173,0.088671875,paper_aligned_ppo,-0.39113460641640885,0.05276926711650532,0.3303604705975606,0.03324248639966053,4.256226789951325,0.9986196756362915,1.0003958940505981,0.008743128320202232,0,6144,2687.003240966797
0.0004175821435637772,0.0005859375,paper_aligned_ppo,-0.3769374756094737,0.05015018963965259,0.3380234807729721,0.025736969315239194,4.2562943458557125,0.9985600709915161,1.0004394054412842,7.610820466652513e-05,0,7168,5998.395129394531
0.00044299682485871017,0.0,paper_aligned_ppo,-0.3937635947878544,0.056484096794577866,0.364324561219949,0.02897319596431709,4.256292080879211,0.9982666969299316,1.0006681680679321,0.000711657851934433,0,8192,1214.0529693603517
0.005681238824035972,0.0134765625,paper_aligned_ppo,-0.3232648062018248,0.04634553237784273,0.3550803692677082,0.0347409454672432,4.2563680648803714,0.9976193904876709,1.0006827116012573,0.0006512710708193481,0,9216,2398.1095336914063
0.016547370672924444,0.0828125,paper_aligned_ppo,-0.24035807981705054,0.031321324704413685,0.279931929287238,0.024928379101302002,4.25613043308258,0.9973372220993042,1.0006370544433594,0.006565782416146249,0,10240,2121.9123962402346
0.005046210740692914,0.03759765625,paper_aligned_ppo,-0.13330503834757762,0.03670107379256646,0.24576215190001025,0.02729735143250285,4.255558979511261,0.9969388246536255,0.99985271692276,-0.004690655739977956,0,11264,855.1723358154297
0.006377298512961716,0.05068359375,paper_aligned_ppo,-0.014738696176507988,0.03231264616720732,0.17859824869113092,0.019765359676498628,4.25400527715683,0.9967057108879089,0.9998325705528259,0.0017090521403588354,0,12288,1882.4743896484374
0.008503724884940311,0.06142578125,paper_aligned_ppo,-0.10394932097033001,0.03786830663238423,0.27463462956440754,0.02636027175424318,4.254132378101349,0.9970237612724304,0.9999421238899231,0.0016485677915625274,0,13312,1725.017562866211
0.006767177110305056,0.03876953125,paper_aligned_ppo,0.02752392061594993,0.03232104093332192,0.17547435829272637,0.018223231976989544,4.254205572605133,0.9971104860305786,1.0000169277191162,-0.0006188402534462511,0,14336,3250.430584716797
0.0073188953916542236,0.0244140625,paper_aligned_ppo,-0.054226558035066444,0.035555274414594565,0.28285164187351863,0.022699606843730385,4.253145694732666,0.9962015151977539,0.9994871020317078,0.00012368878815323115,0,15360,306.07981567382814
0.013583296223077922,0.0689453125,paper_aligned_ppo,0.01764367050789774,0.02965778086802675,0.19698097912164836,0.016668387264795834,4.250144124031067,0.9943474531173706,0.9992355704307556,-0.0014990814728662373,0,16384,289.64369201660156
0.007312496419763193,0.0318359375,paper_aligned_ppo,0.13802072388621478,0.024458842702797183,0.0652505151163309,0.010039990798976425,4.248845088481903,0.9932354688644409,0.9997216463088989,-0.00017314148135483265,0,17408,1161.3118591308594
0.013143596408190206,0.05302734375,paper_aligned_ppo,0.14912823860843977,0.02695601424850945,0.15662211638230544,0.011392683629543104,4.247115302085876,0.9897109866142273,1.0016002655029297,-0.004771252442151308,0,18432,849.9570693969727
0.0028012402763124555,0.005078125,paper_aligned_ppo,0.21557498583808923,0.023758099870993067,0.06879531283600208,0.012133234810132688,4.2438981294631954,0.9890959858894348,1.001927137374878,0.00030600149184465406,0,19456,1279.5890808105469
0.008539159246720374,0.01298828125,paper_aligned_ppo,0.34047005833723604,0.016991471422339418,0.045210200538619974,0.008276471407334693,4.243602693080902,0.9886782765388489,1.0022722482681274,0.0009287258028052748,0,20480,923.7476577758789
0.011096126650227234,0.08740234375,paper_aligned_ppo,0.10670331958203744,0.0386132591892223,-0.22988762225096043,0.0433550626321243,4.256196630001068,1.0007811784744263,0.9990443587303162,-0.007677761116065085,1,1024,335.67125244140624
0.040520553733222185,0.19111328125,paper_aligned_ppo,0.05135716216247648,0.04062781264852969,-0.355902894337972,0.03693152751145004,4.254723823070526,1.0008411407470703,0.9987680912017822,0.009386342484503984,1,2048,2364.986297607422
0.008918963425094262,0.05732421875,paper_aligned_ppo,0.06844983999557698,0.04132893984121539,-0.36180997353333694,0.038944804081838494,4.254718172550201,1.0007245540618896,0.9991858601570129,0.00012661605142056943,1,3072,435.9372505187988
0.012078855215804651,0.14736328125,paper_aligned_ppo,0.04330193728801066,0.039374792105404115,-0.40414073803485967,0.035539200084927926,4.255095195770264,1.000781536102295,0.9993964433670044,0.011592338455375283,1,4096,644.0826354980469
0.03115737219341099,0.14501953125,paper_aligned_ppo,0.06385595318592655,0.032181075562089656,-0.4637089836291778,0.02650623907132004,4.255251026153564,1.0009269714355469,0.9993048310279846,0.0066528958035632964,1,5120,1762.357421875
0.005913983116624877,0.02978515625,paper_aligned_ppo,0.04010825235044393,0.02558416206106065,-0.47677794320461075,0.019360491973587815,4.255297613143921,1.0009770393371582,0.9993851184844971,0.00293415947817266,1,6144,913.2753311157227
0.006456082715885714,0.00556640625,paper_aligned_ppo,0.022985594096602512,0.02692310910873183,-0.43068845379046905,0.022466345741404714,4.255371224880219,1.0009195804595947,0.999445915222168,-0.0007782518398016692,1,7168,857.6763549804688
0.00360336996964179,0.003125,paper_aligned_ppo,0.022275308406470008,0.02513022047646683,-0.4688035216851112,0.018295442350531776,4.25526260137558,1.0008423328399658,0.999363124370575,-0.0015387599007226527,1,8192,1026.965055847168
0.0057419294666033235,0.0064453125,paper_aligned_ppo,0.0069994675619408295,0.01917589091303705,-0.40097744655914797,0.01566640019584355,4.255208027362824,1.000612735748291,0.999624490737915,-0.001444603968411684,1,9216,792.9030883789062
-0.00033505299361422656,0.0,paper_aligned_ppo,0.011905428140576428,0.013728190142107011,-0.3756435433259377,0.012251305271244413,4.255239093303681,1.0005476474761963,0.9996849298477173,-0.0003362269839271903,1,10240,4647.4300537109375
0.01247641293448396,0.0984375,paper_aligned_ppo,-0.0585491770448593,0.01165345841174811,-0.224291014059996,0.01110805193058009,4.254700350761413,1.001107096672058,0.9980208873748779,-0.01176358525408432,1,11264,1130.373257446289
0.0015084242855664342,0.00654296875,paper_aligned_ppo,-0.10620919328469497,0.008936139828071423,-0.2900188350524658,0.007852787760973024,4.253132021427154,1.0011012554168701,0.9975851774215698,0.00010781555902212858,1,12288,2099.185412597656
0.011904358468018472,0.04052734375,paper_aligned_ppo,-0.1630657013028096,0.008818336359651877,-0.3826370963683495,0.007583223742256202,4.25299061536789,1.0022841691970825,0.9969702363014221,-0.0025964085827581583,1,13312,395.52476654052737
0.0034204909636173396,0.0,paper_aligned_ppo,-0.15541678170363107,0.007516371044394959,-0.402409009826489,0.0062615034564037775,4.253167283535004,1.002536416053772,0.9967661499977112,0.0002963764360174537,1,14336,190.71354751586915
0.00012404353474266828,0.0,paper_aligned_ppo,-0.15381152557256894,0.008613250381531906,-0.40411891776781816,0.007281489991602383,4.253115892410278,1.0025273561477661,0.9967436790466309,2.5963387452065943e-05,1,15360,5768.34384765625
-0.00018902212032116948,0.0,paper_aligned_ppo,-0.13869815829854745,0.007580673302402626,-0.4020584830106833,0.006257347528061062,4.253068673610687,1.0024996995925903,0.9967288970947266,-0.0012932085897773503,1,16384,767.6541351318359
1.6867247177287935e-05,0.0,paper_aligned_ppo,-0.13791980281090124,0.008793233038378197,-0.40482236208059846,0.007364611262225022,4.253019952774048,1.0025516748428345,0.9967010021209717,1.2003071606159211e-05,1,17408,2698.6877990722655
0.00023109122994355858,0.0,paper_aligned_ppo,-0.1466063722012899,0.007955501828867234,-0.3488517278280014,0.006602196880711616,4.2529753804206845,1.0024887323379517,0.9967007040977478,-0.002131627802737057,1,18432,257.7691417694092
-0.0005807009001728147,0.0,paper_aligned_ppo,-0.15611187966588216,0.00924772194029476,-0.32850871414710314,0.007932964351641057,4.252848207950592,1.0024681091308594,0.9966729879379272,-0.0003235118463635445,1,19456,761.0139419555665
0.0016116034181322902,0.0,paper_aligned_ppo,-0.12577669389354876,0.013211341912482572,-0.3316381329909349,0.011565246489446675,4.252792835235596,1.002526879310608,0.9966167211532593,-0.0006637761602178216,1,20480,402.20951690673826
0.018963162828003987,0.1896484375,paper_aligned_ppo,-0.11382967374609927,0.0370711047793153,-0.3869137636361978,0.026535749705044437,4.2562180519104,1.000110387802124,0.9987692832946777,0.006664299685508013,2,1024,255.9902187347412
0.010867018054705113,0.044921875,paper_aligned_ppo,-0.0663947841757013,0.03818188446158215,-0.3725021943067893,0.021011466147030197,4.2544005632400514,0.9985051155090332,0.9992073178291321,-0.006678740424104035,2,2048,221.0706527709961
0.024057920376071705,0.11982421875,paper_aligned_ppo,-0.11777419720370418,0.026749119365140506,-0.4104132121954209,0.015607947011485665,4.252797639369964,0.9979807734489441,0.9995050430297852,0.016586032230407,2,3072,967.3506256103516
0.0007673876243643463,0.0115234375,paper_aligned_ppo,-0.07812474082792716,0.03525177581004558,-0.37483373284339905,0.018596424972405736,4.252633106708527,0.9979842305183411,0.9995655417442322,0.0005474968580529094,2,4096,532.8454658508301
0.040742832724936305,0.24873046875,paper_aligned_ppo,0.04114868654160558,0.045942717584507624,-0.23954512182718668,0.025906441057446737,4.25267231464386,0.9980103969573975,0.9996224641799927,0.02714085371699184,2,5120,1040.2519256591797
0.02110245770891197,0.144140625,paper_aligned_ppo,-0.05071644497742781,0.04222555872767362,-0.33587647126271175,0.021540154884680297,4.252750623226166,0.9980198740959167,0.9996493458747864,0.012984567857347428,2,6144,1712.2269226074218
0.007876886043231935,0.0578125,paper_aligned_ppo,0.012161507692937262,0.04807955880188376,-0.25066003058201225,0.025784203893991206,4.252800095081329,0.998029887676239,0.9996815323829651,-0.0009950607432983815,2,7168,3209.1834045410155
0.09263519564410672,0.3703125,paper_aligned_ppo,0.18389519709998217,0.06514583292742364,-0.09324286725157155,0.030626516927644818,4.252813363075257,0.9979921579360962,0.9996417164802551,0.038641385128721596,2,8192,1746.812158203125
0.04419958514044993,0.244140625,paper_aligned_ppo,0.29796488760755613,0.0472128645645276,0.1501634102457991,0.024115239500234815,4.252763128280639,0.9979301691055298,0.9996026158332825,0.0170648105093278,2,9216,1585.9590728759765
0.001987096917582676,0.0125,paper_aligned_ppo,0.2400615400586946,0.05972653770786305,0.030704573288900205,0.030737912460925474,4.252686393260956,0.9979179501533508,0.9995828866958618,-0.0009661710471846163,2,10240,4851.929248046875
0.06147660810966045,0.209375,paper_aligned_ppo,0.1168766254505429,0.05606722845267966,-0.1469227621761652,0.02715273571286795,4.252658307552338,0.9979329705238342,0.9995792508125305,0.01677206588210538,2,11264,2524.5858764648438
0.015164214419201016,0.08857421875,paper_aligned_ppo,0.11107156065334446,0.06322765784075472,-0.13283536370160082,0.031037352384543505,4.252556085586548,0.9979882836341858,0.9993202686309814,0.005758329620584845,2,12288,438.230753326416
0.01275656801299192,0.06845703125,paper_aligned_ppo,0.18088891689832776,0.04753563611144768,-0.006902748478116849,0.026031956564845322,4.252172636985779,0.9979407787322998,0.9992116689682007,0.005762096703983843,2,13312,1177.816323852539
0.0007078415888827294,0.00400390625,paper_aligned_ppo,0.13442364175003976,0.05987987799992832,-0.11928299898818995,0.030021606466496736,4.252103865146637,0.9979127049446106,0.9991812109947205,-0.0005577895324677228,2,14336,9532.7541015625
0.028749671287368984,0.1369140625,paper_aligned_ppo,0.04473691056064593,0.060627904447587457,-0.24644284351513937,0.02533493623156571,4.252063071727752,0.9979211091995239,0.9991620182991028,0.007945831562392414,2,15360,9197.25205078125
0.04642321316059679,0.30986328125,paper_aligned_ppo,-0.07297795417357403,0.05593513726276904,-0.2947444355640656,0.024588376625688697,4.2520916819572445,0.997943103313446,0.9991533160209656,0.02599893422448076,2,16384,1529.297543334961
0.039971780410269275,0.17763671875,paper_aligned_ppo,-0.10223206106710654,0.04046850165902191,-0.29327205977378745,0.022572941302157062,4.252202475070954,0.9979484677314758,0.9992095828056335,0.020987609756411986,2,17408,2506.8054260253907
0.006969923176802695,0.030078125,paper_aligned_ppo,0.05857997925187915,0.021627162188204294,-0.29890507513131853,0.018828499062633088,4.251776576042175,0.997528612613678,0.998850405216217,-0.002838865970261395,2,18432,205.82550811767578
-0.0003517929289955646,0.0,paper_aligned_ppo,0.05742359390147986,0.01420580994286911,-0.2606051241358121,0.012565276630968918,4.2506444454193115,0.9973074197769165,0.9986447691917419,-0.0008863646537065506,2,19456,766.8371368408203
0.012093315017409623,0.0279296875,paper_aligned_ppo,-0.001446973971458367,0.014498590933618263,-0.33323585918316473,0.012583024589129499,4.249363803863526,0.9951438903808594,0.9989539980888367,-0.0018080017645843327,2,20480,778.8979095458984
0.010615144472103566,0.084375,paper_aligned_ppo,0.1360051779792859,0.02419269871667499,-0.04963557851338126,0.03579873136470307,4.256790208816528,1.0000687837600708,1.000504493713379,-0.0076427454827353355,3,1024,1865.8333831787108
0.003411908191628754,0.02177734375,paper_aligned_ppo,0.24814080676207176,0.017826873650774344,-0.03606107362175886,0.02620612671203636,4.256682181358338,0.9995794892311096,1.000466227531433,-0.003573495871387422,3,2048,367.64984741210935
0.002373487874865532,0.00322265625,paper_aligned_ppo,0.15031199533587847,0.024881047747588973,0.02477566765909358,0.03305260922982187,4.256404876708984,0.9990030527114868,1.0000879764556885,-0.0014827204577159137,3,3072,843.3386169433594
0.004402885009767488,0.01923828125,paper_aligned_ppo,0.06321224857073945,0.036119409982114846,0.08131493045873821,0.042419004468172906,4.256991910934448,0.99966961145401,0.9993922710418701,-0.003363167168572545,3,4096,479.24911270141604
0.01222730234148912,0.08720703125,paper_aligned_ppo,-0.010391661021276376,0.023743444083109785,-0.023414686284302613,0.035892921562412285,4.256869506835938,0.9995724558830261,0.9990576505661011,0.0006749094114638865,3,5120,1719.7710083007812
0.003101843310287222,0.0294921875,paper_aligned_ppo,-0.006398958044099764,0.03506707615288496,-0.0043653588257700155,0.03780354279606342,4.255591225624085,0.9984927773475647,0.9981436729431152,0.0006611170247197151,3,6144,535.1028465270996
0.0029025133990217,0.0083984375,paper_aligned_ppo,0.11340224544923656,0.041309499874469593,0.006454723159997509,0.04170228667316268,4.253111946582794,0.998076856136322,0.9976556301116943,0.004367789649404585,3,7168,2854.6831481933596
0.005328950809780508,0.0111328125,paper_aligned_ppo,0.18992519434063862,0.03553312808267694,0.055207072480772744,0.04230601232988594,4.25209401845932,0.99777752161026,0.995722234249115,-0.004520027968101204,3,8192,809.5371276855469
0.00908627220778726,0.03388671875,paper_aligned_ppo,0.3667872681831702,0.03178587961436879,-0.010515153222084524,0.03932062775026272,4.250740194320679,0.9969671368598938,0.9955494403839111,-0.0030146589619107545,3,9216,989.6604537963867
0.008277479978278279,0.031640625,paper_aligned_ppo,0.3365046041134076,0.0483876183767348,0.08268902185164058,0.062013743047481286,4.250708270072937,0.9983130693435669,0.993929922580719,-0.005298212170600891,3,10240,190.6902011871338
0.0009469028911553324,0.006640625,paper_aligned_ppo,0.25009210052398534,0.05263007981691157,-0.02364054244281784,0.048906446857590234,4.250759100914001,0.9991618990898132,0.9926311373710632,0.0018989648437127472,3,11264,479.48050079345705
0.005394741147756577,0.05439453125,paper_aligned_ppo,0.428680665523578,0.05259939869196772,0.12501785984615055,0.05842454783121029,4.250964081287384,0.9988230466842651,0.9925177097320557,0.0025337257073260845,3,12288,1711.4549224853515
0.009804025234188884,0.084765625,paper_aligned_ppo,0.6122191491799477,0.034961946712117886,0.1768239548095526,0.061182668904194444,4.251024520397186,0.9986929893493652,0.9922087788581848,0.0033867839723825456,3,13312,1745.249691772461
0.004435890371678397,0.06240234375,paper_aligned_ppo,0.5107043948693153,0.054332178447792485,0.08348482047477797,0.0649604395980018,4.251261210441589,0.9993901252746582,0.9901942610740662,-0.0023215319495648147,3,14336,438.3187370300293
0.006090068141929805,0.03974609375,paper_aligned_ppo,0.6200174753482525,0.03680665174501417,-0.010400435431764866,0.06287085915780875,4.25091450214386,0.9983194470405579,0.9896793961524963,0.0004401224781759083,3,15360,879.3812728881836
0.004518216906581074,0.0078125,paper_aligned_ppo,0.5642430450671758,0.03804147518398344,-0.12362576029442537,0.04876293251231613,4.251814448833466,0.9994330406188965,0.9904875159263611,-0.0009766336414031684,3,16384,657.2797195434571
0.006316256383433938,0.03662109375,paper_aligned_ppo,0.4548725089965722,0.054657504911239024,-0.03965260391048968,0.06292120923055293,4.253853571414948,1.0002682209014893,0.9903622269630432,-0.0022700025467202066,3,17408,1709.7288726806642
0.009501792991068214,0.0294921875,paper_aligned_ppo,0.3679660926644619,0.07122219339705939,-0.007958176474158581,0.06378220811402034,4.252660274505615,0.99772709608078,0.9895431399345398,-0.0009241509833373129,3,18432,395.3494018554687
0.001038732915185392,0.0009765625,paper_aligned_ppo,0.3924248064557711,0.04194093706814513,0.014904503453334866,0.04431668402016663,4.249826729297638,0.9966552257537842,0.9899742007255554,-0.0013541021151468157,3,19456,259.4978481292725
0.0132916406088043,0.06357421875,paper_aligned_ppo,0.49802021590562967,0.05016680293237912,0.02330794799252031,0.035409495528105045,4.251740562915802,0.9945816397666931,0.9901168346405029,-0.011335042188875377,3,20480,114.18116760253906
0.0062672725005541,0.0294921875,paper_aligned_ppo,-0.10806400403149057,0.0736560227113251,-0.19307152040493794,0.038161466499079526,4.256842315196991,0.9994665384292603,0.9999461770057678,-0.0024243104620836676,4,1024,128.70449714660646
0.004339958494529128,0.015625,paper_aligned_ppo,-0.20856329633448367,0.07229893042429952,-0.08233958150958642,0.047799479985902095,4.256148660182953,0.9978930950164795,1.000770926475525,-0.002121248049661517,4,2048,367.67850189208986
0.004537182842614129,0.01220703125,paper_aligned_ppo,-0.12392023810012362,0.07453659195975793,-0.07469571963891398,0.04156428133694548,4.255804169178009,0.9973050355911255,1.0011422634124756,-0.0022002591053023935,4,3072,947.51484375
0.0038337753911037,0.00634765625,paper_aligned_ppo,-0.24838840119922773,0.0771510218505592,-0.14436855933700615,0.044483552715486305,4.255678009986878,0.9973239302635193,1.0011208057403564,-0.0016059762332588435,4,4096,1298.6396209716797
0.007536889828043058,0.04345703125,paper_aligned_ppo,-0.2550511450148546,0.08875674382599923,-0.12096680448724864,0.049287815418285495,4.255967140197754,0.9952682852745056,1.0022143125534058,-0.006208132742904127,4,5120,237.641162109375
0.000919829640770331,0.0080078125,paper_aligned_ppo,-0.2713017418789558,0.08428052893314522,0.023140401310490395,0.05262589101011162,4.255490624904633,0.9948248267173767,1.0025627613067627,0.0004995865980163217,4,6144,1083.5872436523437
0.0017041209794115275,0.01962890625,paper_aligned_ppo,-0.16193674004230743,0.054382572732735605,0.08628976949018975,0.03461129098794591,4.2554665327072145,0.9947001338005066,1.0025218725204468,0.00012663748348131775,4,7168,537.6396575927735
-0.0002138604933861643,0.0,paper_aligned_ppo,-0.1696408746143182,0.0361802794555778,0.06993668840553324,0.022436362322667592,4.255284893512726,0.9946154356002808,1.0024406909942627,0.00026190259959548714,4,8192,706.7626205444336
-6.926378700882197e-05,0.0,paper_aligned_ppo,-0.12861049936558955,0.04493069382631927,0.0988912546577362,0.027141999896957165,4.255369603633881,0.9946743249893188,1.0024864673614502,-0.0002580414526164532,4,9216,505.2333190917969
0.006092919583898038,0.01943359375,paper_aligned_ppo,-0.03395745625782113,0.06641688359152308,0.06871119096258786,0.03727054240556432,4.255776953697205,0.9947330355644226,1.0025978088378906,-0.006357094750273973,4,10240,673.682292175293
0.0038765042379964145,0.01650390625,paper_aligned_ppo,-0.1399026471519998,0.09988482962555043,-0.055852604601517294,0.04682076179189744,4.256182301044464,0.9946491122245789,1.0026895999908447,-0.0003093579551205039,4,11264,404.10287017822264
0.002672715886728838,0.0046875,paper_aligned_ppo,-0.06331925863229956,0.0775551527312852,0.04815373760595834,0.04383658780846335,4.256268894672393,0.9945883750915527,1.002723217010498,1.6231730114668608e-05,4,12288,483.06478118896484
0.0020968374679796397,0.00087890625,paper_aligned_ppo,-0.1484209064824077,0.09459015932173863,-0.02225145358944503,0.04703606316874253,4.256301212310791,0.9945904612541199,1.0026904344558716,-0.0009035151917487383,4,13312,1044.3154510498048
0.0003066679171752185,0.00263671875,paper_aligned_ppo,-0.08032787443289402,0.06962930453451464,0.001381114520616113,0.040594180571244066,4.256372940540314,0.9946858286857605,1.0027967691421509,-0.0006521110655739904,4,14336,506.0006675720215
0.001443602971266955,0.012109375,paper_aligned_ppo,-0.06856407632764716,0.03969218916200795,-0.050126006659000924,0.02783826017246991,4.2562544584274296,0.9956098198890686,1.0026159286499023,-0.002297403221018612,4,15360,207.31925354003906
0.0022115267405752093,0.01435546875,paper_aligned_ppo,0.03246243363037371,0.050039935517170155,0.06724651403731118,0.03390414375235117,4.255263018608093,0.9960472583770752,1.002472996711731,-0.003431513253599405,4,16384,311.1956130981445
0.0023959008860401807,0.00048828125,paper_aligned_ppo,-0.04437971863132985,0.08029493155323399,0.04673229046001768,0.04595975337882138,4.254852437973023,0.9958667755126953,1.002528429031372,-0.0007465097587555647,4,17408,529.552114868164
-0.00011935128713957965,0.0005859375,paper_aligned_ppo,0.011846171577687924,0.057880921491936556,0.11458407967136457,0.038222971870371616,4.254745721817017,0.9958369135856628,1.002517819404602,0.0008485226891934872,4,18432,4912.389135742187
0.00019041417981497944,0.0,paper_aligned_ppo,0.029451213041857743,0.03442725226216647,0.1502203984520374,0.027498761603237536,4.254689824581146,0.9958216547966003,1.002469539642334,-0.0005834504263475537,4,19456,2986.613458251953
0.0019799482659436764,0.0,paper_aligned_ppo,0.044679101417214276,0.04260197324253833,0.16142506501995602,0.03258142873594723,4.2546685338020325,0.9957565069198608,1.0024844408035278,-0.00035206956090405583,4,20480,1096.4214996337892
