approx_kl,clip_fraction,deterministic_epsilon_ask_mean,deterministic_epsilon_ask_state_std,deterministic_epsilon_bid_mean,deterministic_epsilon_bid_state_std,entropy_proxy,include_fill_feedback,latent_sigma_ask,latent_sigma_bid,paper_pnl_observation,policy_loss,relative_price,seed,training_step,value_loss
0.002661597076803446,0.00048828125,-0.05800822253267352,0.4167563502583899,0.0403624513774561,0.14328768060654673,4.254860007762909,False,1.0004947185516357,0.998691737651825,True,-0.0028003383660688995,True,0,10240,4149.75185546875
0.00972715694224462,0.04833984375,-0.017386795193828547,0.07496818213494187,0.19785671363142915,0.17755434886955346,4.254145061969757,False,0.9997773170471191,0.999125599861145,True,-0.009862850420176983,True,0,20480,728.1139343261718
0.004625595919787884,0.01162109375,-0.13501178313595935,0.6191375955276688,0.14219813632766884,0.4547378285331249,4.25374790430069,False,0.9991258978843689,0.999825656414032,True,-0.004844543198123575,True,0,39936,1289.3491302490233
0.003212116670329124,0.023046875,-0.11409665236297326,0.7181707369902421,0.09112295160392443,0.36545933419147675,4.243438458442688,False,0.9957150220870972,0.9959240555763245,True,-0.004078441485762596,True,0,60416,753.9406387329102
-0.0014701944019179791,0.02998046875,-0.07768513829662249,0.7063169883459919,-0.05328654531831256,0.18670635860705898,4.230073952674866,False,0.9965336918830872,0.9920528531074524,True,-0.008055740979034453,True,0,100352,214.75240516662598
0.013383449544198811,0.0412109375,-0.21458300299321612,0.4765653269356867,-0.11294098428617685,0.16700537234680962,4.220787239074707,False,0.9886325001716614,0.9936929941177368,True,-0.007648138410877437,True,0,149504,414.4263008117676
0.0026522473955992608,0.03681640625,-0.10476780917453699,0.3700534925229245,0.10856264126367676,0.4149862989530477,4.2155485391616825,False,0.9815407395362854,0.9956028461456299,True,-0.00589511648286134,True,0,199680,49.340445804595944
0.009463192662224174,0.02548828125,-0.15279250675573564,0.556459677623556,0.06957618263311302,0.48833356734877414,4.21472020149231,False,0.9794765710830688,0.9947358965873718,True,-0.0052082926034927365,True,0,204800,86.10484046936035
0.011867070716107264,0.078515625,0.07881824878829484,0.31581274506844337,0.0651940374558296,0.1140916316246292,4.250493288040161,False,0.9969746470451355,0.9991587400436401,True,-0.011637767823413015,True,1,10240,424.2762809753418
0.0052384765149326995,0.0345703125,0.13642975562087928,0.43540073017596065,0.17674523778020954,0.25197519091024506,4.2412224650383,False,0.9934465885162354,0.9975082278251648,True,-0.00685547236353159,True,1,20480,97.71905040740967
0.011352109990548342,0.03134765625,-0.0018213657327951528,0.7178418128886481,-0.029101737579092003,0.40863488470606474,4.231001901626587,False,0.9979434013366699,0.9885149002075195,True,-0.005155349255073815,True,1,39936,148.62423419952393
0.006581534631550312,0.01259765625,0.16150740536813363,0.7243996185016389,-0.05605618529415761,0.6997730813520512,4.229163432121277,False,0.9985179305076599,0.9905667304992676,True,-0.004428095510229468,True,1,60416,185.68229217529296
0.0003761349944397807,0.00087890625,0.2698319089718354,0.6764668128647023,0.055999405514926485,0.47090666595035685,4.223826956748963,False,0.9968674778938293,0.990283191204071,True,-0.0029904609080404045,True,1,100352,952.7687149047852
0.0010492279368918389,0.0,0.1381093210188481,0.5220165976913034,-0.05421100915767826,0.6139230887799444,4.22402583360672,False,0.9963312745094299,0.9895500540733337,True,-0.0008345165988430381,True,1,149504,23087.6818359375
0.0009045836050063372,0.00087890625,0.05487166168705489,0.5951234610020735,-0.11530127774398678,0.6266875116221085,4.21417328119278,False,0.9942899346351624,0.9826197028160095,True,-0.0020713920006528498,True,1,199680,2478.013555908203
0.012166769290342928,0.0763671875,0.024883479591554555,0.5915607384758599,-0.13020819237885567,0.6718740105928672,4.214374768733978,False,0.9942713379859924,0.9825400114059448,True,-0.01057861722074449,True,1,204800,2265.6096801757812
0.011608748545404524,0.0568359375,0.06599039969270308,0.1262538446837135,-0.10980407948044535,0.18646290659098622,4.25642671585083,False,0.9964414238929749,0.9988813400268555,True,-0.008465156145393848,True,2,10240,429.0203826904297
0.0093963474733755,0.0408203125,0.10418026299956135,0.4484179690939561,-0.10047418057249907,0.2055132680305798,4.251956760883331,False,0.9944530725479126,0.9961322546005249,True,-0.006408690731041134,True,2,20480,3422.9717407226562
0.002300134184770286,0.00595703125,0.1260039935216833,0.2722665349140513,-0.06828416206662018,0.12408928626949693,4.2473922848701475,False,0.9943953156471252,0.9947245121002197,True,-0.0033505830680951474,True,2,39936,1378.8510833740233
0.0036368017201311885,0.0271484375,0.20249978865090854,0.536706469979302,-0.1229396132298578,0.34898763389583454,4.234804713726044,False,0.9896472096443176,0.9870246052742004,True,-0.006806018855422735,True,2,60416,1824.629901123047
0.004829806741327047,0.01904296875,0.34067628474380723,0.8075099967600926,0.071866760453066,0.2610964066310137,4.217692124843597,False,0.983434796333313,0.9802682399749756,True,-0.003878144279588014,True,2,100352,3181.837481689453
0.0029960522195324303,0.00029296875,0.7869757281282009,0.509695286570016,0.7034664121384804,0.43093628234897297,4.202752947807312,False,0.9793668985366821,0.9766897559165955,True,-0.0004211064660921693,True,2,149504,5889.454760742187
0.002195709792431444,0.00625,0.7589979203847739,0.6009468393280543,0.6538860866847711,0.47340546097529607,4.20045405626297,False,0.9844017028808594,0.9726499915122986,True,-0.006156394048593939,True,2,199680,16667.870654296876
0.00020186637411825358,0.0,0.7221261919691012,0.6408549415565385,0.6433485507774047,0.5361676006053753,4.192355918884277,False,0.9827184677124023,0.9696012735366821,True,-0.0014577475609257816,True,2,204800,34813.44057617187
0.00767634913790971,0.02041015625,-0.05166298776733665,0.22192063466196818,0.01472392313149519,0.39688731038931,4.250461947917938,False,0.9961309432983398,1.0011528730392456,True,-0.004540363163687289,True,3,10240,314.1653076171875
0.011526931368280202,0.05302734375,0.10465875776702514,0.40863725372653636,-0.005898888606446771,0.436829289855554,4.247791647911072,False,0.9933053255081177,1.001154899597168,True,-0.00961620460730046,True,3,20480,256.3714965820312
-2.8937868773937225e-05,0.0015625,0.24803635039342903,0.3317381173771313,0.055537976887530816,0.4638744501165907,4.243434751033783,False,0.991047203540802,1.0012831687927246,True,-0.003303960291668773,True,3,39936,1840.0369201660155
0.0022044334560632705,0.00146484375,0.33976670063387315,0.38731809942718665,0.11797264033976274,0.5240026183613453,4.239844238758087,False,0.9883361458778381,1.0033869743347168,True,-0.0024816487450152634,True,3,60416,938.8656982421875
0.0016313517407979816,0.0,-0.06328988706884094,0.3748839026932053,-0.004310693332734398,0.4452679006343075,4.233944535255432,False,0.9848064184188843,1.0027339458465576,True,-0.0015941081452183425,True,3,100352,1169.0356842041015
0.0033308331738226117,0.0150390625,-0.12727101496898402,0.502786468672979,0.11150628654226565,0.5120430929947628,4.217706418037414,False,0.9798493385314941,0.9973465800285339,True,-0.0038227504817768933,True,3,149504,2166.421029663086
-0.0004097257973626256,0.0107421875,0.0331453578092922,0.6659115365363464,0.012600593547671079,0.575680678553347,4.183839607238769,False,0.9720728993415833,0.9877853393554688,True,-0.0015372980618849398,True,3,199680,922.8357818603515
0.0020982785848900677,0.00439453125,0.008684489899911942,0.6141796383641,0.03397068694138374,0.5739989202996476,4.181380784511566,False,0.9723341464996338,0.986010730266571,True,-0.0038151997374370693,True,3,204800,1245.5400329589843
0.004762805142672732,0.00673828125,-0.1147962415877443,0.20022029369627162,-0.1687265791130276,0.20253479037405056,4.257277464866638,False,1.0007399320602417,0.9993329644203186,True,-0.004189678456168622,True,4,10240,683.329084777832
0.0038829031691420823,0.01884765625,-0.05447458639540948,0.3001815716089545,-0.05591679633004018,0.16051705070646252,4.255093455314636,False,1.0013518333435059,0.9980922937393188,True,-0.004874498804565519,True,4,20480,764.440153503418
0.006703261024085805,0.03671875,0.016443285883332673,0.5109386119871557,-0.05880202172004666,0.06754924770653847,4.250705158710479,False,1.0001977682113647,0.9972860813140869,True,-0.00616137960460037,True,4,39936,536.3267356872559
0.000831626111175865,0.00068359375,-0.07223907399725599,0.5966726784244695,-0.29297305760332026,0.30547061153308064,4.234127187728882,False,0.9926823377609253,0.9909293055534363,True,-0.0015659596188925206,True,4,60416,1463.8452087402343
-0.0008611660043243319,9.765625e-05,-0.12340370098021454,0.6180130128208383,-0.2880266771072713,0.7650164117621145,4.215963506698609,False,0.9823499321937561,0.9879435300827026,True,-0.0016639814712107182,True,4,100352,1856.25361328125
0.04174618506222032,0.138671875,-0.07554829180933154,0.5369058914130612,-0.19220134440110997,0.5256895600643621,4.206140732765197,False,0.9748372435569763,0.988132655620575,True,-0.008696573739871382,True,4,149504,31.256464576721193
0.0007703533628955483,0.0,-0.03246800573423314,0.4309268673207038,-0.14668048897053665,0.582870844561996,4.203164803981781,False,0.9769130945205688,0.9835501909255981,True,-0.0025782644981518386,True,4,199680,378.5667129516602
-0.001341589749790728,0.00166015625,-0.04445448817494206,0.31897478332021717,-0.11526853930509577,0.5739495656689837,4.199781143665314,False,0.9763730764389038,0.9824237823486328,True,-0.0021902571548707782,True,4,204800,445.3468902587891
